Workbook

Sheet Summary
A1: Nuwara Eliya landslide data - summary
A2: Source: NBRI package (NBRI-GEO-PKG-2026), cleaned by preprocess_nbri.py. Counts below are live formulas on the other sheets.
A4: Incidents by type | B4: Count
A5: Cutting failure (CF) | B5: =COUNTIF(Incidents!$B$2:$B$1200,"CF") -> 940
A6: Landslide (L) | B6: =COUNTIF(Incidents!$B$2:$B$1200,"L") -> 81
A7: Rock fall (RF) | B7: =COUNTIF(Incidents!$B$2:$B$1200,"RF") -> 80
A8: Slope failure (SF) | B8: =COUNTIF(Incidents!$B$2:$B$1200,"SF") -> 55
A9: Ground subsidence (GS) | B9: =COUNTIF(Incidents!$B$2:$B$1200,"GS") -> 29
A10: Other (OTHER) | B10: =COUNTIF(Incidents!$B$2:$B$1200,"OTHER") -> 14
A11: Total | B11: =SUM(B5:B10) -> 1199
A12: In 3 target DS divisions | B12: =COUNTIF(Incidents!$O$2:$O$1200,TRUE()) -> 731
A13: With valid occurrence date | B13: =COUNTIF(Incidents!$J$2:$J$1200,TRUE()) -> 147
A15: Samples | B15: Count
A16: Positives (label = 1) | B16: =COUNTIF(Samples!$E$2:$E$5865,1) -> 1466
A17: Negatives (label = 0) | B17: =COUNTIF(Samples!$E$2:$E$5865,0) -> 4398
A18: Negatives per positive | B18: =IFERROR(B17/B16,0) -> 3
A19: Fold 0 - positives | B19: =COUNTIFS(Samples!$H$2:$H$5865,0,Samples!$E$2:$E$5865,1) -> 241
A20: Fold 1 - positives | B20: =COUNTIFS(Samples!$H$2:$H$5865,1,Samples!$E$2:$E$5865,1) -> 425
A21: Fold 2 - positives | B21: =COUNTIFS(Samples!$H$2:$H$5865,2,Samples!$E$2:$E$5865,1) -> 185
A22: Fold 3 - positives | B22: =COUNTIFS(Samples!$H$2:$H$5865,3,Samples!$E$2:$E$5865,1) -> 174
A23: Fold 4 - positives | B23: =COUNTIFS(Samples!$H$2:$H$5865,4,Samples!$E$2:$E$5865,1) -> 441
A25: Notes
A26: Rain_1h / Rain_24h / Rain_Cum columns on the Incidents sheet are empty in the NBRI source data (only "-").
A27: occ_date is the incident date; report_date is when it was filed (median lag ~26 days).
A28: Samples: negatives are random points >= 500 m from any landslide; fold = 3 km spatial block.
A29: lhmp_benchmark_class is the NBRI hazard class - use as a benchmark, not a model feature.
A30: Rain_Stations: Dept. of Meteorology station locations from the team repo (locations only, no rainfall values).
A31: Coordinates are WGS84 (lat/lon).

Sheet Incidents
A1: Case_ID | B1: Type_Code | C1: Inc_Type | D1: failure_group | E1: DS_Name | F1: GND_Name | G1: Village | H1: report_date | I1: occ_date | J1: has_occ_date | K1: Cause | L1: Rain_1h | M1: Rain_24h | N1: Rain_Cum | O1: in_study_area | P1: location_id | Q1: lon | R1: lat
A2: NWE150014 | B2: CF | C2: Cutting Failure | D2: cutting | E2: Hanguranketha | F2: Muloya | G2: මුල්ඔය වතුයාය, පහල කොටස | H2: 42137 | J2: =FALSE() -> FALSE | O2: =FALSE() -> FALSE | P2: 0 | Q2: 80.756045 | R2: 7.098072
A3: NWE150052 | B3: CF | C3: Cutting Failure | D3: cutting | E3: Hanguranketha | F3: Hope | G3: හෝප් වත්ත, කර්මාන්ත ශාලා කොටස | H3: 42025 | J3: =FALSE() -> FALSE | O3: =FALSE() -> FALSE | P3: 1 | Q3: 80.746482 | R3: 7.109057
A4: NWE160006 | B4: CF | C4: Cutting Failure | D4: cutting | E4: Hanguranketha | F4: Muloya | G4: මුල්ඔය වතුයායේ, පහළ කොටසේ ලයින් අංක 01 හා 02 | H4: 42522 | J4: =FALSE() -> FALSE | O4: =FALSE() -> FALSE | P4: 2 | Q4: 80.755744 | R4: 7.099661
A5: NWE160007 | B5: CF | C5: Cutting Failure | D5: cutting | E5: Hanguranketha | F5: Muloya | G5: මුල්ඔය වතුයායේ, පහළ කොටසේ ලයින් අංක 17 | H5: 42522 | J5: =FALSE() -> FALSE | O5: =FALSE() -> FALSE | P5: 3 | Q5: 80.753045 | R5: 7.098072
A6: NWE160034 | B6: CF | C6: Cutting Failure | D6: cutting | E6: Hanguranketha | F6: Dodamkumbura | G6: දොඩම්කුඹුර, රිකිල්ලගස්කඩ | H6: 42704 | J6: =FALSE() -> FALSE | O6: =FALSE() -> FALSE | P6: 4 | Q6: 80.790857 | R6: 7.151016
A7: NWE160038 | B7: CF | C7: Cutting Failure | D7: cutting | E7: Nuwara Eliya | F7: Toppass | G7: ශාන්තිපුර | H7: 42604 | J7: =FALSE() -> FALSE | O7: =FALSE() -> FALSE | P7: 5 | Q7: 80.749854 | R7: 6.977065
A8: NWE160039 | B8: CF | C8: Cutting Failure | D8: cutting | E8: Nuwara Eliya | F8: Lippakelle | G8: ලිපකැලේ ප්‍රාථමික විදුහල ආසල | H8: 42495 | J8: =FALSE() -> FALSE | O8: =FALSE() -> FALSE | P8: 6 | Q8: 80.722544 | R8: 6.890737
A9: NWE160040 | B9: CF | C9: Cutting Failure | D9: cutting | E9: Nuwara Eliya | F9: Toppass | G9: ටොප් පාස් ග්‍රාම නිලධාරී කාර්යාලය සහ බුදු මැදුර ආශ්‍රිත භූමියේ | H9: 42604 | J9: =FALSE() -> FALSE | O9: =FALSE() -> FALSE | P9: 7 | Q9: 80.748217 | R9: 6.993532
A10: NWE160044 | B10: CF | C10: Cutting Failure | D10: cutting | E10: Walapane | F10: Palalpathana | G10: ලීඩ්ස්ඩෙල් වතුයායේ දියණිල්ල ඉහළ කොටසේ ක්ෂේත්‍ර අංක 6ට | H10: 42510 | J10: =FALSE() -> FALSE | O10: =TRUE() -> TRUE | P10: 8 | Q10: 80.8663 | R10: 7.03809
A11: NWE160053 | B11: CF | C11: Cutting Failure | D11: cutting | E11: Hanguranketha | F11: Muloya | G11: මුල් ඔය වතුයාය පහල කොටස ලයින් අංක 01 හා 02 ආශ්‍රිතව | H11: 42514 | J11: =FALSE() -> FALSE | O11: =FALSE() -> FALSE | P11: 2 | Q11: 80.755744 | R11: 7.099661
A12: NWE160055 | B12: CF | C12: Cutting Failure | D12: cutting | E12: Nuwara Eliya | F12: Lippakelle | G12: ලිපකැලේ ප්‍රාථමික විදුහල ආසන්නයේ සුරේෂ් කුමාර් යන නිවස | H12: 42516 | J12: =FALSE() -> FALSE | O12: =FALSE() -> FALSE | P12: 6 | Q12: 80.722544 | R12: 6.890737
A13: NWE160061 | B13: CF | C13: Cutting Failure | D13: cutting | E13: Nuwara Eliya | F13: Lippakelle | G13: කොට්ඨාසයේ ලිපකැලේ වතුයායේ (Lipakelle Estate) අංක 03 කොටසේ (No 03 Division) ලයින් කාමර10 | H13: 42509 | J13: =FALSE() -> FALSE | O13: =FALSE() -> FALSE | P13: 9 | Q13: 80.736845 | R13: 6.889524
A14: NWE160062 | B14: CF | C14: Cutting Failure | D14: cutting | E14: Nuwara Eliya | F14: Lippakelle | G14: ලිපකැලේ වතුයායේ (Lipakelle Estate) ලිපකැලේ කොටසේ (Lipakelle Division) වෛද්‍ය නිල නිවාසය අසල | H14: 42509 | J14: =FALSE() -> FALSE | O14: =FALSE() -> FALSE | P14: 10 | Q14: 80.724452 | R14: 6.895791
A15: NWE160149 | B15: CF | C15: Cutting Failure | D15: cutting | E15: Nuwara Eliya | F15: Toppass | G15: ටොප් පාස් ග්‍රාම නිලධාරී කාර්යාලය සහ බුදු මැදුර ආශ්‍රිත භූමිය | H15: 42655 | J15: =FALSE() -> FALSE | O15: =FALSE() -> FALSE | P15: 7 | Q15: 80.748217 | R15: 6.993532
A16: NWE160200 | B16: CF | C16: Cutting Failure | D16: cutting | E16: Kothmale | F16: Ramboda | G16: බ්ලුෆීල්ඩ් වතුයාය, බ්ලුෆීල්ඩ් කොටස | H16: 42542 | J16: =FALSE() -> FALSE | O16: =TRUE() -> TRUE | P16: 11 | Q16: 80.682458 | R16: 7.03055
A17: NWE170005 | B17: CF | C17: Cutting Failure | D17: cutting | E17: Hanguranketha | F17: Deniyagama | G17: දෙනියගම, දෙහිපේ | H17: 42795 | J17: =FALSE() -> FALSE | O17: =FALSE() -> FALSE | P17: 12 | Q17: 80.791955 | R17: 7.116142
A18: NWE170009 | B18: CF | C18: Cutting Failure | D18: cutting | E18: Kothmale | F18: Karagahayatathenna | G18: කරගහයටතැන්න, දුණුකේදෙණිය | H18: 42876 | J18: =FALSE() -> FALSE | O18: =TRUE() -> TRUE | P18: 13 | Q18: 80.642789 | R18: 7.001066
A19: NWE170024 | B19: CF | C19: Cutting Failure | D19: cutting | E19: Hanguranketha | F19: Udagama | G19: උඩගම, බතලවත්ත | H19: 42816 | J19: =FALSE() -> FALSE | O19: =FALSE() -> FALSE | P19: 14 | Q19: 80.803366 | R19: 7.070319
A20: NWE170027 | B20: CF | C20: Cutting Failure | D20: cutting | E20: Nuwara Eliya | F20: Toppass | G20: වෙස්ට්වර්ඩ්හෝ වතුයායේ පේළි කාමර 08 ආශ්‍රිතව | H20: 42969 | J20: =FALSE() -> FALSE | O20: =FALSE() -> FALSE | P20: 15 | Q20: 80.743909 | R20: 7.000015
A21: NWE170028 | B21: CF | C21: Cutting Failure | D21: cutting | E21: Nuwara Eliya | F21: Windicorner | G21: අංක 61, ධර්මපාලපුර, රැවන්එළිය, නුවරඑළිය | H21: 43005 | J21: =FALSE() -> FALSE | O21: =FALSE() -> FALSE | P21: 16 | Q21: 80.772136 | R21: 6.942648
A22: NWE170035 | B22: CF | C22: Cutting Failure | D22: cutting | E22: Nuwara Eliya | F22: Nuwara Eliya Central | G22: මහින්ද මාවත, හාවාඑළිය, නුවරඑළිය | H22: 43072 | J22: =FALSE() -> FALSE | O22: =FALSE() -> FALSE | P22: 17 | Q22: 80.783696 | R22: 6.967873
A23: NWE170037 | B23: CF | C23: Cutting Failure | D23: cutting | E23: Nuwara Eliya | F23: Seethaeliya | G23: පොල්ගහ වංගුව | H23: 43070 | J23: =FALSE() -> FALSE | O23: =FALSE() -> FALSE | P23: 18 | Q23: 80.800615 | R23: 6.93816
A24: NWE170044 | B24: CF | C24: Cutting Failure | D24: cutting | E24: Nuwara Eliya | F24: Kandapola | G24: මහින්ද මාවත, හාවාඑළිය, නුවරඑළිය | H24: 43073 | J24: =FALSE() -> FALSE | O24: =FALSE() -> FALSE | P24: 17 | Q24: 80.783696 | R24: 6.967873
A25: NWE170052 | B25: CF | C25: Cutting Failure | D25: cutting | E25: Nuwara Eliya | F25: Toppass | G25: වෙස්ට්වර්ඩ්හෝ වතුයායේ පේළි කාමර 08 | H25: 42982 | J25: =FALSE() -> FALSE | O25: =FALSE() -> FALSE | P25: 15 | Q25: 80.743909 | R25: 7.000015
A26: NWE170057 | B26: CF | C26: Cutting Failure | D26: cutting | E26: Nuwara Eliya | F26: Windicorner | G26: අංක 61, ධර්මපාලපුර, රැවන්එළිය, නුවරඑළිය | H26: 42885 | J26: =FALSE() -> FALSE | O26: =FALSE() -> FALSE | P26: 16 | Q26: 80.772136 | R26: 6.942648
A27: NWE170062 | B27: CF | C27: Cutting Failure | D27: cutting | E27: Nuwara Eliya | F27: Seethaeliya | G27: පොල්ගහ වංගුව | H27: 43069 | J27: =FALSE() -> FALSE | O27: =FALSE() -> FALSE | P27: 18 | Q27: 80.800615 | R27: 6.93816
A28: NWE170063 | B28: CF | C28: Cutting Failure | D28: cutting | E28: Nuwara Eliya | F28: Kandapola | G28: කොට්ලෝජ් වත්ත, පෝස්ට්වුඩ් කොටසේ, ක්ෂේත්‍ර අංක 17 (ලයින් කාමර අංක 06) | H28: 42999 | J28: =FALSE() -> FALSE | O28: =FALSE() -> FALSE | P28: 19 | Q28: 80.818193 | R28: 6.993731
A29: NWE170065 | B29: CF | C29: Cutting Failure | D29: cutting | E29: Hanguranketha | F29: Elamulla | G29: එළමුල්ල | H29: 42795 | J29: =FALSE() -> FALSE | O29: =FALSE() -> FALSE | P29: 20 | Q29: 80.77917 | R29: 7.082207
A30: NWE170209 | B30: CF | C30: Cutting Failure | D30: cutting | E30: Nuwara Eliya | F30: Summerset | G30: ලයින්ඩේල් වතුයායේ පහළ කොටස | H30: 42958 | J30: =FALSE() -> FALSE | O30: =FALSE() -> FALSE | P30: 21 | Q30: 80.715098 | R30: 6.932981
A31: NWE170211 | B31: CF | C31: Cutting Failure | D31: cutting | E31: Nuwara Eliya | F31: Perakumpura | G31: පැරකුම්පුර ජනපදය, අලුත් කොලණිය, | H31: 42999 | J31: =FALSE() -> FALSE | O31: =FALSE() -> FALSE | P31: 22 | Q31: 80.750308 | R31: 6.914744
A32: NWE170256 | B32: CF | C32: Cutting Failure | D32: cutting | E32: Kothmale | F32: Ruwanpura | G32: අංක 18, ඉහළ ඩොන්සයිඩ්, රුවන්පුර, හපුගස්තලාව | H32: 43067 | J32: =FALSE() -> FALSE | O32: =TRUE() -> TRUE | P32: 23 | Q32: 80.560919 | R32: 7.058037
A33: NWE170260 | B33: CF | C33: Cutting Failure | D33: cutting | E33: Kothmale | F33: Katarandana | G33: නුගතොට | H33: 43038 | J33: =FALSE() -> FALSE | O33: =TRUE() -> TRUE | P33: 24 | Q33: 80.649056 | R33: 7.033162
A34: NWE180010 | B34: CF | C34: Cutting Failure | D34: cutting | E34: Hanguranketha | F34: Bambaragama West | G34: දෙල්පත්කඩ, පල්ලේබෝවල | H34: 43398 | J34: =FALSE() -> FALSE | O34: =FALSE() -> FALSE | P34: 25 | Q34: 80.732706 | R34: 7.137123
A35: NWE180011 | B35: CF | C35: Cutting Failure | D35: cutting | E35: Hanguranketha | F35: Bambaragama West | G35: දෙල්පත්කඩ, පල්ලේබෝවල | H35: 43398 | J35: =FALSE() -> FALSE | O35: =FALSE() -> FALSE | P35: 26 | Q35: 80.731908 | R35: 7.137641
A36: NWE180012 | B36: CF | C36: Cutting Failure | D36: cutting | E36: Hanguranketha | F36: Bambaragama West | G36: දෙල්පත්කඩ, පල්ලේබෝවල | H36: 43398 | J36: =FALSE() -> FALSE | O36: =FALSE() -> FALSE | P36: 27 | Q36: 80.732505 | R36: 7.137164
A37: NWE180014 | B37: CF | C37: Cutting Failure | D37: cutting | E37: Hanguranketha | F37: Malanwatta | G37: ගන්නෑව, උඩගම | H37: 43398 | J37: =FALSE() -> FALSE | O37: =FALSE() -> FALSE | P37: 28 | Q37: 80.727917 | R37: 7.147669
A38: NWE180015 | B38: CF | C38: Cutting Failure | D38: cutting | E38: Hanguranketha | F38: Kawatayamana | G38: කවටයාමාන, හේවාහැට | H38: 43209 | J38: =FALSE() -> FALSE | O38: =FALSE() -> FALSE | P38: 29 | Q38: 80.778504 | R38: 7.112744
A39: NWE180019 | B39: CF | C39: Cutting Failure | D39: cutting | E39: Hanguranketha | F39: Uda Padiyapelella | G39: නුගයාය, පදියපැලැල්ල | H39: 43350 | J39: =FALSE() -> FALSE | O39: =FALSE() -> FALSE | P39: 30 | Q39: 80.795727 | R39: 7.089283
A40: NWE180021 | B40: CF | C40: Cutting Failure | D40: cutting | E40: Hanguranketha | F40: Dodamkumbura | G40: දොඩම්කුඹුර, රිකිල්ලගස්කඩ | H40: 43250 | J40: =FALSE() -> FALSE | O40: =FALSE() -> FALSE | P40: 31 | Q40: 80.791008 | R40: 7.156319
A41: NWE180027 | B41: CF | C41: Cutting Failure | D41: cutting | E41: Ambagamuwa | F41: Hatton West | G41: හැටන් -කුඩාගම | H41: 43359 | J41: =FALSE() -> FALSE | O41: =TRUE() -> TRUE | P41: 32 | Q41: 80.589938 | R41: 6.907193
A42: NWE180030 | B42: CF | C42: Cutting Failure | D42: cutting | E42: Ambagamuwa | F42: Newvalleygama | G42: නිව්වැලිගම, නොර්වුඩ් | H42: 43328 | J42: =FALSE() -> FALSE | O42: =TRUE() -> TRUE | P42: 33 | Q42: 80.607061 | R42: 6.845037
A43: NWE180031 | B43: CF | C43: Cutting Failure | D43: cutting | E43: Ambagamuwa | F43: Panmur | G43: ස්ත්‍රැදන් වතුයායේ, බටහිර කොටස, හැටන් | H43: 43332 | J43: =FALSE() -> FALSE | O43: =TRUE() -> TRUE | P43: 34 | Q43: 80.570511 | R43: 6.913689
A44: NWE180033 | B44: CF | C44: Cutting Failure | D44: cutting | E44: Kothmale | F44: Harangala | G44: කඩදොර සිට ජලාශයේ වේලල මතින් හරංගල ගම හරහා දිවෙන මාර්ගය | H44: 43256 | J44: =FALSE() -> FALSE | O44: =TRUE() -> TRUE | P44: 35 | Q44: 80.592098 | R44: 7.059299
A45: NWE180036 | B45: CF | C45: Cutting Failure | D45: cutting | E45: Kothmale | F45: Udagama | G45: මඩකුඹුර මාර්ගයේ විජයබාහුකන්ද මලියදේව විද්‍යාලය අසල | H45: 43262 | J45: =FALSE() -> FALSE | O45: =TRUE() -> TRUE | P45: 36 | Q45: 80.62878 | R45: 7.007663
A46: NWE180038 | B46: CF | C46: Cutting Failure | D46: cutting | E46: Kothmale | F46: Rojersangama South | G46: මරක්කයාකුඹුර, රොජසන්ගම | H46: 43262 | J46: =FALSE() -> FALSE | O46: =TRUE() -> TRUE | P46: 37 | Q46: 80.632086 | R46: 7.040869
A47: NWE180039 | B47: CF | C47: Cutting Failure | D47: cutting | E47: Nuwara Eliya | F47: Kuduoya | G47: වෙස්ට්වර්ඩ් වත්ත, වෙස්ට්වර්ඩ් කොටස, ලබුකැලේ, නුවරඑළිය | H47: 43334 | J47: =FALSE() -> FALSE | O47: =FALSE() -> FALSE | P47: 38 | Q47: 80.742196 | R47: 7.001007
A48: NWE180040 | B48: CF | C48: Cutting Failure | D48: cutting | E48: Ambagamuwa | F48: Minuwandeniya | G48: පිටකන්ද, හිටිගේගම | H48: 43282 | J48: =FALSE() -> FALSE | O48: =TRUE() -> TRUE | P48: 39 | Q48: 80.445451 | R48: 6.954726
A49: NWE180041 | B49: CF | C49: Cutting Failure | D49: cutting | E49: Ambagamuwa | F49: Brownlow | G49: කුඩා මස්කෙලිය | H49: 43319 | J49: =FALSE() -> FALSE | O49: =TRUE() -> TRUE | P49: 40 | Q49: 80.578292 | R49: 6.846179
A50: NWE180042 | B50: CF | C50: Cutting Failure | D50: cutting | E50: Ambagamuwa | F50: Brownlow | G50: බ්‍රවුන්ලෝ ග්‍රාම නිලධාරි වසමේ ප්‍රධාන මාර්ගය අසල හා පල්ලිය අසල | H50: 43319 | J50: =FALSE() -> FALSE | O50: =TRUE() -> TRUE | P50: 41 | Q50: 80.579394 | R50: 6.845077
A51: NWE180048 | B51: CF | C51: Cutting Failure | D51: cutting | E51: Nuwara Eliya | F51: Hallbrook | G51: පන්සල කොලණිය, හොල්බෲක්, නුවරඑළිය | H51: 43262 | J51: =FALSE() -> FALSE | O51: =FALSE() -> FALSE | P51: 42 | Q51: 80.691051 | R51: 6.883604
A52: NWE180049 | B52: CF | C52: Cutting Failure | D52: cutting | E52: Nuwara Eliya | F52: Windicorner | G52: අංක 34, සමගිඋයන, රැවන්එළිය, නුවරඑළිය | H52: 43280 | J52: =FALSE() -> FALSE | O52: =FALSE() -> FALSE | P52: 43 | Q52: 80.774005 | R52: 6.948162
A53: NWE180053 | B53: CF | C53: Cutting Failure | D53: cutting | E53: Nuwara Eliya | F53: Coombewood | G53: කූම්වුඩ් වත්ත, තලවාකැගම | H53: 43410 | J53: =FALSE() -> FALSE | O53: =FALSE() -> FALSE | P53: 44 | Q53: 80.666462 | R53: 6.929573
A54: NWE180055 | B54: CF | C54: Cutting Failure | D54: cutting | E54: Walapane | F54: Brookside | G54: මහකුඩුගල වත්ත, ග්ලෙන්ඩෙවෝන් කොටස, ක්ෂේත්‍ර අංක 05 | H54: 43274 | J54: =FALSE() -> FALSE | O54: =TRUE() -> TRUE | P54: 45 | Q54: 80.842064 | R54: 7.028839
A55: NWE180057 | B55: CF | C55: Cutting Failure | D55: cutting | E55: Walapane | F55: Nildandaheenna | G55: අඹන්ඇල්ල පාර, නිල්දණ්ඩාහින්න | H55: 43398 | J55: =FALSE() -> FALSE | O55: =TRUE() -> TRUE | P55: 46 | Q55: 80.892913 | R55: 7.077901
A56: NWE180058 | B56: CF | C56: Cutting Failure | D56: cutting | E56: Walapane | F56: Manthreethenna | G56: මන්ත්‍රීතැන්න | H56: 43403 | J56: =FALSE() -> FALSE | O56: =TRUE() -> TRUE | P56: 47 | Q56: 80.88005 | R56: 7.026594
A57: NWE180060 | B57: CF | C57: Cutting Failure | D57: cutting | E57: Walapane | F57: Senarathpura | G57: රාගල වත්ත, හල්ග්‍රන්ඔය කොටස, “5” හා “G” කොටස | H57: 43173 | J57: =FALSE() -> FALSE | O57: =TRUE() -> TRUE | P57: 48 | Q57: 80.869936 | R57: 7.007333
A58: NWE180063 | B58: CF | C58: Cutting Failure | D58: cutting | E58: Hanguranketha | F58: Bambaragama West | G58: දෙල්පත්කඩ, පල්ලේබෝවල | H58: 43399 | J58: =FALSE() -> FALSE | O58: =FALSE() -> FALSE | P58: 26 | Q58: 80.731908 | R58: 7.137641
A59: NWE180064 | B59: CF | C59: Cutting Failure | D59: cutting | E59: Hanguranketha | F59: Agappala | G59: අගප්පල, ඇකිරිය | H59: 43389 | J59: =FALSE() -> FALSE | O59: =FALSE() -> FALSE | P59: 49 | Q59: 80.744977 | R59: 7.141808
A60: NWE180066 | B60: CF | C60: Cutting Failure | D60: cutting | E60: Hanguranketha | F60: Bambaragama West | G60: දෙල්පත්කඩ, පල්ලේබෝවල | H60: 43399 | J60: =FALSE() -> FALSE | O60: =FALSE() -> FALSE | P60: 27 | Q60: 80.732505 | R60: 7.137164
A61: NWE180067 | B61: CF | C61: Cutting Failure | D61: cutting | E61: Hanguranketha | F61: Bambaragama West | G61: දෙල්පත්කඩ, පල්ලේබෝවල | H61: 43399 | J61: =FALSE() -> FALSE | O61: =FALSE() -> FALSE | P61: 25 | Q61: 80.732706 | R61: 7.137123
A62: NWE180072 | B62: CF | C62: Cutting Failure | D62: cutting | E62: Nuwara Eliya | F62: Kirimetiya | G62: ඩෙස්ෆෝට් වත්ත, ඇබස්පෝට් පහළ කොටස, ලයින් අංක 10 | H62: 43329 | J62: =FALSE() -> FALSE | O62: =FALSE() -> FALSE | P62: 50 | Q62: 80.739795 | R62: 6.916167
A63: NWE180074 | B63: CF | C63: Cutting Failure | D63: cutting | E63: Nuwara Eliya | F63: Watagoda | G63: ශ්‍රි ලංකා තේ පර්යේෂණ ආයතනයේ ජෛව රසායනාගාරය ආශ්‍රිත ප්‍රදේශය | H63: 43361 | J63: =FALSE() -> FALSE | O63: =FALSE() -> FALSE | P63: 51 | Q63: 80.706227 | R63: 6.914815
A64: NWE180075 | B64: CF | C64: Cutting Failure | D64: cutting | E64: Nuwara Eliya | F64: Dayagama East | G64: 3 කොටස, ඩයගම නැගෙනහිර | H64: 43238 | J64: =FALSE() -> FALSE | O64: =FALSE() -> FALSE | P64: 52 | Q64: 80.77555 | R64: 6.837591
A65: NWE180076 | B65: CF | C65: Cutting Failure | D65: cutting | E65: Nuwara Eliya | F65: Sandrinham | G65: අශෝකාරාම විහාරස්ථානය, ඩයගම | H65: 43244 | J65: =FALSE() -> FALSE | O65: =FALSE() -> FALSE | P65: 53 | Q65: 80.748142 | R65: 6.854769
A66: NWE180078 | B66: CF | C66: Cutting Failure | D66: cutting | E66: Nuwara Eliya | F66: Mihindupura | G66: අංක 62, මිහිඳුපුර, මිපිලිමාන | H66: 43280 | J66: =FALSE() -> FALSE | O66: =FALSE() -> FALSE | P66: 54 | Q66: 80.787655 | R66: 6.931648
A67: NWE180079 | B67: CF | C67: Cutting Failure | D67: cutting | E67: Nuwara Eliya | F67: Coombewood | G67: කූම්වුඩ් වත්ත, තලවාකැලේ | H67: 43304 | J67: =FALSE() -> FALSE | O67: =FALSE() -> FALSE | P67: 44 | Q67: 80.666462 | R67: 6.929573
A68: NWE180081 | B68: CF | C68: Cutting Failure | D68: cutting | E68: Nuwara Eliya | F68: Windicorner | G68: අංක 34, සමගිඋයන, රැවන්එළිය, නුවරඑළිය | H68: 43280 | J68: =FALSE() -> FALSE | O68: =FALSE() -> FALSE | P68: 43 | Q68: 80.774005 | R68: 6.948162
A69: NWE180082 | B69: CF | C69: Cutting Failure | D69: cutting | E69: Nuwara Eliya | F69: Nuwara Eliya West | G69: යුනික්විව් හෝටලය හා හැපි ඉන් හෝටලය | H69: 43241 | J69: =FALSE() -> FALSE | O69: =FALSE() -> FALSE | P69: 55 | Q69: 80.762798 | R69: 6.963013
... A80: NWE180103 | B80: CF | C80: Cutting Failure | D80: cutting | E80: Hanguranketha | F80: Kawatayamana | G80: කවටයාමාන, හේවාහැට | H80: 43209 | J80: =FALSE() -> FALSE | O80: =FALSE() -> FALSE | P80: 29 | Q80: 80.778504 | R80: 7.112744
A81: NWE180113 | B81: CF | C81: Cutting Failure | D81: cutting | E81: Ambagamuwa | F81: Brownswick | G81: බ්‍රවුන්ස්වික් වත්ත, ගැස්කීබන් කොටස, මස්කෙලිය | H81: 43199 | J81: =FALSE() -> FALSE | O81: =TRUE() -> TRUE | P81: 64 | Q81: 80.585697 | R81: 6.828323
A82: NWE180114 | B82: CF | C82: Cutting Failure | D82: cutting | E82: Ambagamuwa | F82: Ambagamuwa South | G82: අංක 47, අඹගමුව, උඩබුලත්ගම - | H82: 43255 | J82: =FALSE() -> FALSE | O82: =TRUE() -> TRUE | P82: 65 | Q82: 80.492251 | R82: 7.012091
A83: NWE180116 | B83: CF | C83: Cutting Failure | D83: cutting | E83: Ambagamuwa | F83: Brownlow | G83: කුඩා මස්කෙලිය | H83: 43320 | J83: =FALSE() -> FALSE | O83: =TRUE() -> TRUE | P83: 40 | Q83: 80.578292 | R83: 6.846179
A84: NWE180117 | B84: CF | C84: Cutting Failure | D84: cutting | E84: Ambagamuwa | F84: Brownlow | G84: ප්‍රධාන මාර්ගය අසල හා පල්ලිය අසල | H84: 43319 | J84: =FALSE() -> FALSE | O84: =TRUE() -> TRUE | P84: 41 | Q84: 80.579394 | R84: 6.845077
A85: NWE180118 | B85: CF | C85: Cutting Failure | D85: cutting | E85: Ambagamuwa | F85: Hatton West | G85: හැටන් -කුඩාගම | H85: 43353 | J85: =FALSE() -> FALSE | O85: =TRUE() -> TRUE | P85: 32 | Q85: 80.589938 | R85: 6.907193
A86: NWE180120 | B86: CF | C86: Cutting Failure | D86: cutting | E86: Ambagamuwa | F86: Sellipigama | G86: සෙල්ලිපිගම | H86: 43297 | J86: =FALSE() -> FALSE | O86: =TRUE() -> TRUE | P86: 66 | Q86: 80.507382 | R86: 7.012447
A87: NWE180121 | B87: CF | C87: Cutting Failure | D87: cutting | E87: Ambagamuwa | F87: Hitigegama | G87: මිණුවන්දෙණිය, හිටිගේගම | H87: 43243 | J87: =FALSE() -> FALSE | O87: =TRUE() -> TRUE | P87: 67 | Q87: 80.456264 | R87: 6.951349
A88: NWE180123 | B88: CF | C88: Cutting Failure | D88: cutting | E88: Ambagamuwa | F88: Bulathgama | G88: ධම්මාලෝක විද්‍යාලය | H88: 43222 | J88: =FALSE() -> FALSE | O88: =TRUE() -> TRUE | P88: 68 | Q88: 80.472767 | R88: 6.999911
A89: NWE180129 | B89: CF | C89: Cutting Failure | D89: cutting | E89: Ambagamuwa | F89: Polpitiya | G89: බ්‍රොඩ්ලන්ඩ තේ කර්මාන්ත ශාලාව හා වතු කළමනාකාර තුමාගේ නිල නිවස. | H89: 43329 | J89: =FALSE() -> FALSE | O89: =TRUE() -> TRUE | P89: 69 | Q89: 80.452892 | R89: 6.983517
A90: NWE180137 | B90: CF | C90: Cutting Failure | D90: cutting | E90: Nuwara Eliya | F90: Bambarakele | G90: අංක 259/34, බඹර කැලේ නුවරඑළිය | H90: 43330 | J90: =FALSE() -> FALSE | O90: =FALSE() -> FALSE | P90: 70 | Q90: 80.758017 | R90: 6.979698
A91: NWE180246 | B91: CF | C91: Cutting Failure | D91: cutting | E91: Nuwara Eliya | F91: Pedro | G91: , පිඩෘ වත්ත, නුවරඑළිය | H91: 43331 | J91: =FALSE() -> FALSE | O91: =FALSE() -> FALSE | P91: 71 | Q91: 80.800595 | R91: 6.974165
A92: NWE180247 | B92: CF | C92: Cutting Failure | D92: cutting | E92: Kothmale | F92: Sheengama | G92: මප/කොත්/විද්‍යාකර ආදර්ශ ප්‍රාථමික විද්‍යාලය | H92: 43434 | J92: =FALSE() -> FALSE | O92: =TRUE() -> TRUE | P92: 72 | Q92: 80.668108 | R92: 7.01207
A93: NWE180248 | B93: CF | C93: Cutting Failure | D93: cutting | E93: Kothmale | F93: Rojersangama South | G93: රෝජසන්ගම | H93: 43262 | J93: =FALSE() -> FALSE | O93: =TRUE() -> TRUE | P93: 73 | Q93: 80.634582 | R93: 7.070136
A94: NWE180249 | B94: CF | C94: Cutting Failure | D94: cutting | E94: Kothmale | F94: Harangala | G94: කඩදොර සිට ජලාශය මතින් හරංගල ගම හරහා දිවෙන මාර්ගය | H94: 43286 | J94: =FALSE() -> FALSE | O94: =TRUE() -> TRUE | P94: 35 | Q94: 80.592098 | R94: 7.059299
A95: NWE180250 | B95: CF | C95: Cutting Failure | D95: cutting | E95: Kothmale | F95: Udagama | G95: බෙරමාන මඩකුඹුර මාර්ගයේ විජයබාහුකන්ද මලියදේව විද්‍යාලය අසල | H95: 43262 | J95: =FALSE() -> FALSE | O95: =TRUE() -> TRUE | P95: 36 | Q95: 80.62878 | R95: 7.007663
A96: NWE180252 | B96: CF | C96: Cutting Failure | D96: cutting | E96: Kothmale | F96: Mawela West | G96: රජඇළ ග්‍රාම නිලධාරි වසමේ තිබෙන ඉඩම් ප්‍රතිසංස්කරණ කොමිසන් සභාවට අයත් ඉඩම | H96: 43250 | J96: =FALSE() -> FALSE | O96: =TRUE() -> TRUE | P96: 74 | Q96: 80.64927 | R96: 7.08352
A97: NWE180258 | B97: CF | C97: Cutting Failure | D97: cutting | E97: Nuwara Eliya | F97: Thalawakele | G97: තලවාකැලේ මහජන බැංකුව අසල | H97: 43433 | J97: =FALSE() -> FALSE | O97: =FALSE() -> FALSE | P97: 75 | Q97: 80.663532 | R97: 6.933963
A98: NWE180263 | B98: CF | C98: Cutting Failure | D98: cutting | E98: Nuwara Eliya | F98: Toppass | G98: වෙස්ට්වර්ඩ් වත්ත, වෙස්ට්වර්ඩ් කොටස, ලබුකැලේ, නුවරඑළිය | H98: 43101 | J98: =FALSE() -> FALSE | O98: =FALSE() -> FALSE | P98: 38 | Q98: 80.742196 | R98: 7.001007
A99: NWE180264 | B99: CF | C99: Cutting Failure | D99: cutting | E99: Nuwara Eliya | F99: Kotagala | G99: අංක 15, ධර්මපුර, කොටගල, නුවරඑළිය | H99: 43364 | J99: =FALSE() -> FALSE | O99: =FALSE() -> FALSE | P99: 76 | Q99: 80.59841 | R99: 6.915221
A100: NWE180267 | B100: CF | C100: Cutting Failure | D100: cutting | E100: Nuwara Eliya | F100: Windicorner | G100: 14 සමඟ උයන, රුවන්එළිය, නුවරඑළිය | H100: 43342 | J100: =FALSE() -> FALSE | O100: =FALSE() -> FALSE | P100: 77 | Q100: 80.773793 | R100: 6.948492
A101: NWE180269 | B101: CF | C101: Cutting Failure | D101: cutting | E101: Nuwara Eliya | F101: Bangalahatha | G101: නො. 03, දෙවන පියවර, බංගලාහත | H101: 43378 | J101: =FALSE() -> FALSE | O101: =FALSE() -> FALSE | P101: 78 | Q101: 80.754524 | R101: 6.947145
A102: NWE180309 | B102: CF | C102: Cutting Failure | D102: cutting | E102: Nuwara Eliya | F102: Nuwara Eliya | G102: අංක 205, ලේඩි මැකලම්, හාවාඑළිය, නුවරඑළිය | H102: 43388 | J102: =FALSE() -> FALSE | O102: =FALSE() -> FALSE | P102: 79 | Q102: 80.778008 | R102: 6.977015
A103: NWE180312 | B103: CF | C103: Cutting Failure | D103: cutting | E103: Nuwara Eliya | F103: Nuwara Eliya West | G103: ලෙකෝ නිවාඩු නිකේතනය, නො 49, යුනික් විව් පාර, නුවරඑළිය | H103: 43278 | J103: =FALSE() -> FALSE | O103: =FALSE() -> FALSE | P103: 80 | Q103: 80.762169 | R103: 6.963084
A104: NWE180314 | B104: CF | C104: Cutting Failure | D104: cutting | E104: Kothmale | F104: Ruwanpura | G104: A34, රුවන්පුර, හපුගස්තලාව | H104: 43376 | J104: =FALSE() -> FALSE | O104: =TRUE() -> TRUE | P104: 81 | Q104: 80.559285 | R104: 7.05353
A105: NWE180315 | B105: CF | C105: Cutting Failure | D105: cutting | E105: Kothmale | F105: Rawanagoda East | G105: රාවණාගොඩ | H105: 43147 | J105: =FALSE() -> FALSE | O105: =TRUE() -> TRUE | P105: 82 | Q105: 80.628087 | R105: 7.031569
A106: NWE180316 | B106: CF | C106: Cutting Failure | D106: cutting | E106: Kothmale | F106: Rojersangama South | G106: මරක්කයාකුඹුර, රොජසන්ගම | H106: 43262 | J106: =FALSE() -> FALSE | O106: =TRUE() -> TRUE | P106: 37 | Q106: 80.632086 | R106: 7.040869
A107: NWE180317 | B107: CF | C107: Cutting Failure | D107: cutting | E107: Nuwara Eliya | F107: Mihindupura | G107: අංක 62, මිහිඳුපුර, මිපිලිමාන | H107: 43280 | J107: =FALSE() -> FALSE | O107: =FALSE() -> FALSE | P107: 54 | Q107: 80.787655 | R107: 6.931648
A108: NWE180318 | B108: CF | C108: Cutting Failure | D108: cutting | E108: Kothmale | F108: Delunthalamada | G108: දෙළුම්තලාමඩ, කටුකිතුල | H108: 43452 | J108: =FALSE() -> FALSE | O108: =TRUE() -> TRUE | P108: 83 | Q108: 80.666664 | R108: 7.076795
A109: NWE180333 | B109: CF | C109: Cutting Failure | D109: cutting | E109: Kothmale | F109: Panangammana | G109: පනන්ගම්මන, වැරුල්ලකුඹුර | H109: 43395 | J109: =FALSE() -> FALSE | O109: =TRUE() -> TRUE | P109: 84 | Q109: 80.67044 | R109: 7.072202
A110: NWE180334 | B110: CF | C110: Cutting Failure | D110: cutting | E110: Kothmale | F110: Rawanagoda East | G110: රාවණාගොඩ, විජයබාහු කන්ද | H110: 43262 | J110: =FALSE() -> FALSE | O110: =TRUE() -> TRUE | P110: 85 | Q110: 80.626403 | R110: 7.01597
...

Sheet Samples
A1: failure_group | B1: occ_date | C1: in_study_area | D1: source | E1: label | F1: lhmp_benchmark_class | G1: block_id | H1: fold | I1: sample_id | J1: lat | K1: lon
A2: cutting | C2: =FALSE() -> FALSE | D2: incident_cutting | E2: 1 | F2: 2 | G2: 66_70 | H2: 4 | I2: 0 | J2: 7.098072 | K2: 80.756045
A3: cutting | C3: =FALSE() -> FALSE | D3: incident_cutting | E3: 1 | F3: 3 | G3: 65_70 | H3: 4 | I3: 1 | J3: 7.109057 | K3: 80.746482
A4: cutting | C4: =FALSE() -> FALSE | D4: incident_cutting | E4: 1 | F4: 2 | G4: 66_70 | H4: 4 | I4: 2 | J4: 7.099661 | K4: 80.755744
A5: cutting | C5: =FALSE() -> FALSE | D5: incident_cutting | E5: 1 | F5: 2 | G5: 65_70 | H5: 4 | I5: 3 | J5: 7.098072 | K5: 80.753045
A6: cutting | C6: =FALSE() -> FALSE | D6: incident_cutting | E6: 1 | F6: 1 | G6: 67_72 | H6: 3 | I6: 4 | J6: 7.1510155 | K6: 80.790857
A7: cutting | C7: =FALSE() -> FALSE | D7: incident_cutting | E7: 1 | F7: 2 | G7: 65_65 | H7: 4 | I7: 5 | J7: 6.977065 | K7: 80.749854
A8: cutting | C8: =FALSE() -> FALSE | D8: incident_cutting | E8: 1 | F8: 1 | G8: 64_62 | H8: 2 | I8: 6 | J8: 6.890737 | K8: 80.722544
A9: cutting | C9: =FALSE() -> FALSE | D9: incident_cutting | E9: 1 | F9: 1 | G9: 65_66 | H9: 3 | I9: 7 | J9: 6.993532 | K9: 80.748217
A10: cutting | C10: =TRUE() -> TRUE | D10: incident_cutting | E10: 1 | F10: 2 | G10: 70_68 | H10: 1 | I10: 8 | J10: 7.03809 | K10: 80.8663
A11: cutting | C11: =FALSE() -> FALSE | D11: incident_cutting | E11: 1 | F11: 2 | G11: 66_70 | H11: 4 | I11: 9 | J11: 7.099661 | K11: 80.755744
A12: cutting | C12: =FALSE() -> FALSE | D12: incident_cutting | E12: 1 | F12: 1 | G12: 64_62 | H12: 2 | I12: 10 | J12: 6.890737 | K12: 80.722544
A13: cutting | C13: =FALSE() -> FALSE | D13: incident_cutting | E13: 1 | F13: 2 | G13: 65_62 | H13: 1 | I13: 11 | J13: 6.889524 | K13: 80.736845
A14: cutting | C14: =FALSE() -> FALSE | D14: incident_cutting | E14: 1 | F14: 1 | G14: 64_62 | H14: 2 | I14: 12 | J14: 6.895791 | K14: 80.724452
A15: cutting | C15: =FALSE() -> FALSE | D15: incident_cutting | E15: 1 | F15: 1 | G15: 65_66 | H15: 3 | I15: 13 | J15: 6.993532 | K15: 80.748217
A16: cutting | C16: =TRUE() -> TRUE | D16: incident_cutting | E16: 1 | F16: 1 | G16: 63_67 | H16: 4 | I16: 14 | J16: 7.03055 | K16: 80.682458
A17: cutting | C17: =FALSE() -> FALSE | D17: incident_cutting | E17: 1 | F17: 2 | G17: 67_70 | H17: 4 | I17: 15 | J17: 7.1161423 | K17: 80.791955
A18: cutting | C18: =TRUE() -> TRUE | D18: incident_cutting | E18: 1 | F18: 1 | G18: 61_66 | H18: 2 | I18: 16 | J18: 7.001066 | K18: 80.642789
A19: cutting | C19: =FALSE() -> FALSE | D19: incident_cutting | E19: 1 | F19: 3 | G19: 67_69 | H19: 4 | I19: 17 | J19: 7.0703186 | K19: 80.803366
A20: cutting | C20: =FALSE() -> FALSE | D20: incident_cutting | E20: 1 | F20: 1 | G20: 65_66 | H20: 3 | I20: 18 | J20: 7.0000154 | K20: 80.743909
A21: cutting | C21: =FALSE() -> FALSE | D21: incident_cutting | E21: 1 | F21: 2 | G21: 66_64 | H21: 2 | I21: 19 | J21: 6.9426477 | K21: 80.772136
A22: cutting | C22: =FALSE() -> FALSE | D22: incident_cutting | E22: 1 | F22: 1 | G22: 67_65 | H22: 4 | I22: 20 | J22: 6.967873 | K22: 80.783696
A23: cutting | C23: =FALSE() -> FALSE | D23: incident_cutting | E23: 1 | F23: 1 | G23: 67_64 | H23: 0 | I23: 21 | J23: 6.93816 | K23: 80.800615
A24: cutting | C24: =FALSE() -> FALSE | D24: incident_cutting | E24: 1 | F24: 1 | G24: 67_65 | H24: 4 | I24: 22 | J24: 6.967873 | K24: 80.783696
A25: cutting | C25: =FALSE() -> FALSE | D25: incident_cutting | E25: 1 | F25: 1 | G25: 65_66 | H25: 3 | I25: 23 | J25: 7.0000154 | K25: 80.743909
A26: cutting | C26: =FALSE() -> FALSE | D26: incident_cutting | E26: 1 | F26: 2 | G26: 66_64 | H26: 2 | I26: 24 | J26: 6.9426477 | K26: 80.772136
A27: cutting | C27: =FALSE() -> FALSE | D27: incident_cutting | E27: 1 | F27: 1 | G27: 67_64 | H27: 0 | I27: 25 | J27: 6.93816 | K27: 80.800615
A28: cutting | C28: =FALSE() -> FALSE | D28: incident_cutting | E28: 1 | F28: 2 | G28: 68_66 | H28: 1 | I28: 26 | J28: 6.993731 | K28: 80.818193
A29: cutting | C29: =FALSE() -> FALSE | D29: incident_cutting | E29: 1 | F29: 4 | G29: 66_69 | H29: 4 | I29: 27 | J29: 7.082207 | K29: 80.77917
A30: cutting | C30: =FALSE() -> FALSE | D30: incident_cutting | E30: 1 | F30: 3 | G30: 64_64 | H30: 4 | I30: 28 | J30: 6.9329808 | K30: 80.715098
A31: cutting | C31: =FALSE() -> FALSE | D31: incident_cutting | E31: 1 | F31: 2 | G31: 65_63 | H31: 4 | I31: 29 | J31: 6.914744 | K31: 80.750308
A32: cutting | C32: =TRUE() -> TRUE | D32: incident_cutting | E32: 1 | F32: 2 | G32: 58_68 | H32: 0 | I32: 30 | J32: 7.0580369 | K32: 80.560919
A33: cutting | C33: =TRUE() -> TRUE | D33: incident_cutting | E33: 1 | F33: 1 | G33: 62_67 | H33: 1 | I33: 31 | J33: 7.0331616 | K33: 80.649056
A34: cutting | C34: =FALSE() -> FALSE | D34: incident_cutting | E34: 1 | F34: 2 | G34: 65_71 | H34: 1 | I34: 32 | J34: 7.1371226 | K34: 80.732706
A35: cutting | C35: =FALSE() -> FALSE | D35: incident_cutting | E35: 1 | F35: 2 | G35: 65_71 | H35: 1 | I35: 33 | J35: 7.1376413 | K35: 80.731908
A36: cutting | C36: =FALSE() -> FALSE | D36: incident_cutting | E36: 1 | F36: 2 | G36: 65_71 | H36: 1 | I36: 34 | J36: 7.1371637 | K36: 80.732505
A37: cutting | C37: =FALSE() -> FALSE | D37: incident_cutting | E37: 1 | F37: 2 | G37: 64_72 | H37: 0 | I37: 35 | J37: 7.1476691 | K37: 80.727917
A38: cutting | C38: =FALSE() -> FALSE | D38: incident_cutting | E38: 1 | F38: 3 | G38: 66_70 | H38: 4 | I38: 36 | J38: 7.1127436 | K38: 80.778504
A39: cutting | C39: =FALSE() -> FALSE | D39: incident_cutting | E39: 1 | F39: 3 | G39: 67_69 | H39: 4 | I39: 37 | J39: 7.0892834 | K39: 80.795727
A40: cutting | C40: =FALSE() -> FALSE | D40: incident_cutting | E40: 1 | F40: 1 | G40: 67_72 | H40: 3 | I40: 38 | J40: 7.1563189 | K40: 80.791008
A41: cutting | C41: =TRUE() -> TRUE | D41: incident_cutting | E41: 1 | F41: 2 | G41: 59_63 | H41: 0 | I41: 39 | J41: 6.907193 | K41: 80.589938
A42: cutting | C42: =TRUE() -> TRUE | D42: incident_cutting | E42: 1 | G42: 60_60 | H42: 3 | I42: 40 | J42: 6.845037 | K42: 80.607061
A43: cutting | C43: =TRUE() -> TRUE | D43: incident_cutting | E43: 1 | F43: 2 | G43: 59_63 | H43: 0 | I43: 41 | J43: 6.913689 | K43: 80.570511
A44: cutting | C44: =TRUE() -> TRUE | D44: incident_cutting | E44: 1 | F44: 3 | G44: 59_68 | H44: 0 | I44: 42 | J44: 7.059299 | K44: 80.592098
A45: cutting | C45: =TRUE() -> TRUE | D45: incident_cutting | E45: 1 | F45: 2 | G45: 61_66 | H45: 2 | I45: 43 | J45: 7.007663 | K45: 80.62878
A46: cutting | C46: =TRUE() -> TRUE | D46: incident_cutting | E46: 1 | F46: 2 | G46: 61_68 | H46: 3 | I46: 44 | J46: 7.040869 | K46: 80.632086
A47: cutting | C47: =FALSE() -> FALSE | D47: incident_cutting | E47: 1 | F47: 1 | G47: 65_66 | H47: 3 | I47: 45 | J47: 7.0010069 | K47: 80.742196
A48: cutting | C48: =TRUE() -> TRUE | D48: incident_cutting | E48: 1 | F48: 2 | G48: 54_64 | H48: 3 | I48: 46 | J48: 6.954726 | K48: 80.445451
A49: cutting | C49: =TRUE() -> TRUE | D49: incident_cutting | E49: 1 | F49: 2 | G49: 59_60 | H49: 0 | I49: 47 | J49: 6.8461794 | K49: 80.578292
A50: cutting | C50: =TRUE() -> TRUE | D50: incident_cutting | E50: 1 | F50: 2 | G50: 59_60 | H50: 0 | I50: 48 | J50: 6.845077 | K50: 80.579394
A51: cutting | C51: =FALSE() -> FALSE | D51: incident_cutting | E51: 1 | F51: 2 | G51: 63_62 | H51: 0 | I51: 49 | J51: 6.8836039 | K51: 80.691051
A52: cutting | C52: =FALSE() -> FALSE | D52: incident_cutting | E52: 1 | F52: 1 | G52: 66_64 | H52: 2 | I52: 50 | J52: 6.948162 | K52: 80.774005
A53: cutting | C53: =FALSE() -> FALSE | D53: incident_cutting | E53: 1 | F53: 1 | G53: 62_64 | H53: 4 | I53: 51 | J53: 6.929573 | K53: 80.666462
A54: cutting | C54: =TRUE() -> TRUE | D54: incident_cutting | E54: 1 | F54: 2 | G54: 69_67 | H54: 2 | I54: 52 | J54: 7.0288387 | K54: 80.842064
A55: cutting | C55: =TRUE() -> TRUE | D55: incident_cutting | E55: 1 | F55: 4 | G55: 71_69 | H55: 3 | I55: 53 | J55: 7.0779014 | K55: 80.892913
A56: cutting | C56: =TRUE() -> TRUE | D56: incident_cutting | E56: 1 | F56: 1 | G56: 70_67 | H56: 2 | I56: 54 | J56: 7.0265937 | K56: 80.88005
A57: cutting | C57: =TRUE() -> TRUE | D57: incident_cutting | E57: 1 | F57: 2 | G57: 70_66 | H57: 3 | I57: 55 | J57: 7.007333 | K57: 80.869936
A58: cutting | C58: =FALSE() -> FALSE | D58: incident_cutting | E58: 1 | F58: 2 | G58: 65_71 | H58: 1 | I58: 56 | J58: 7.1376413 | K58: 80.731908
A59: cutting | C59: =FALSE() -> FALSE | D59: incident_cutting | E59: 1 | F59: 3 | G59: 65_71 | H59: 1 | I59: 57 | J59: 7.1418083 | K59: 80.744977
A60: cutting | C60: =FALSE() -> FALSE | D60: incident_cutting | E60: 1 | F60: 2 | G60: 65_71 | H60: 1 | I60: 58 | J60: 7.1371637 | K60: 80.732505
A61: cutting | C61: =FALSE() -> FALSE | D61: incident_cutting | E61: 1 | F61: 2 | G61: 65_71 | H61: 1 | I61: 59 | J61: 7.1371226 | K61: 80.732706
A62: cutting | C62: =FALSE() -> FALSE | D62: incident_cutting | E62: 1 | F62: 2 | G62: 65_63 | H62: 4 | I62: 60 | J62: 6.916167 | K62: 80.739795
A63: cutting | C63: =FALSE() -> FALSE | D63: incident_cutting | E63: 1 | F63: 1 | G63: 64_63 | H63: 4 | I63: 61 | J63: 6.914815 | K63: 80.706227
A64: cutting | C64: =FALSE() -> FALSE | D64: incident_cutting | E64: 1 | F64: 2 | G64: 66_60 | H64: 2 | I64: 62 | J64: 6.837591 | K64: 80.77555
A65: cutting | C65: =FALSE() -> FALSE | D65: incident_cutting | E65: 1 | F65: 3 | G65: 65_61 | H65: 4 | I65: 63 | J65: 6.854769 | K65: 80.748142
A66: cutting | C66: =FALSE() -> FALSE | D66: incident_cutting | E66: 1 | F66: 1 | G66: 67_64 | H66: 0 | I66: 64 | J66: 6.931648 | K66: 80.787655
A67: cutting | C67: =FALSE() -> FALSE | D67: incident_cutting | E67: 1 | F67: 1 | G67: 62_64 | H67: 4 | I67: 65 | J67: 6.929573 | K67: 80.666462
A68: cutting | C68: =FALSE() -> FALSE | D68: incident_cutting | E68: 1 | F68: 1 | G68: 66_64 | H68: 2 | I68: 66 | J68: 6.948162 | K68: 80.774005
A69: cutting | C69: =FALSE() -> FALSE | D69: incident_cutting | E69: 1 | F69: 2 | G69: 66_65 | H69: 1 | I69: 67 | J69: 6.9630128 | K69: 80.762798
... A80: cutting | C80: =FALSE() -> FALSE | D80: incident_cutting | E80: 1 | F80: 3 | G80: 66_70 | H80: 4 | I80: 78 | J80: 7.1127436 | K80: 80.778504
A81: cutting | C81: =TRUE() -> TRUE | D81: incident_cutting | E81: 1 | F81: 3 | G81: 59_60 | H81: 0 | I81: 79 | J81: 6.8283225 | K81: 80.585697
A82: cutting | C82: =TRUE() -> TRUE | D82: incident_cutting | E82: 1 | F82: 1 | G82: 56_67 | H82: 1 | I82: 80 | J82: 7.012091 | K82: 80.492251
A83: cutting | C83: =TRUE() -> TRUE | D83: incident_cutting | E83: 1 | F83: 2 | G83: 59_60 | H83: 0 | I83: 81 | J83: 6.8461794 | K83: 80.578292
A84: cutting | C84: =TRUE() -> TRUE | D84: incident_cutting | E84: 1 | F84: 2 | G84: 59_60 | H84: 0 | I84: 82 | J84: 6.845077 | K84: 80.579394
A85: cutting | C85: =TRUE() -> TRUE | D85: incident_cutting | E85: 1 | F85: 2 | G85: 59_63 | H85: 0 | I85: 83 | J85: 6.907193 | K85: 80.589938
A86: cutting | C86: =TRUE() -> TRUE | D86: incident_cutting | E86: 1 | F86: 1 | G86: 56_67 | H86: 1 | I86: 84 | J86: 7.012447 | K86: 80.507382
A87: cutting | C87: =TRUE() -> TRUE | D87: incident_cutting | E87: 1 | F87: 2 | G87: 54_64 | H87: 3 | I87: 85 | J87: 6.951349 | K87: 80.456264
A88: cutting | C88: =TRUE() -> TRUE | D88: incident_cutting | E88: 1 | F88: 2 | G88: 55_66 | H88: 0 | I88: 86 | J88: 6.9999114 | K88: 80.472767
A89: cutting | C89: =TRUE() -> TRUE | D89: incident_cutting | E89: 1 | G89: 54_66 | H89: 3 | I89: 87 | J89: 6.9835173 | K89: 80.452892
A90: cutting | C90: =FALSE() -> FALSE | D90: incident_cutting | E90: 1 | F90: 2 | G90: 66_65 | H90: 1 | I90: 88 | J90: 6.979698 | K90: 80.758017
A91: cutting | C91: =FALSE() -> FALSE | D91: incident_cutting | E91: 1 | F91: 2 | G91: 67_65 | H91: 4 | I91: 89 | J91: 6.9741649 | K91: 80.800595
A92: cutting | C92: =TRUE() -> TRUE | D92: incident_cutting | E92: 1 | F92: 2 | G92: 62_67 | H92: 1 | I92: 90 | J92: 7.0120702 | K92: 80.668108
A93: cutting | C93: =TRUE() -> TRUE | D93: incident_cutting | E93: 1 | F93: 2 | G93: 61_69 | H93: 1 | I93: 91 | J93: 7.0701361 | K93: 80.634582
A94: cutting | C94: =TRUE() -> TRUE | D94: incident_cutting | E94: 1 | F94: 3 | G94: 59_68 | H94: 0 | I94: 92 | J94: 7.059299 | K94: 80.592098
A95: cutting | C95: =TRUE() -> TRUE | D95: incident_cutting | E95: 1 | F95: 2 | G95: 61_66 | H95: 2 | I95: 93 | J95: 7.007663 | K95: 80.62878
A96: cutting | C96: =TRUE() -> TRUE | D96: incident_cutting | E96: 1 | F96: 1 | G96: 62_69 | H96: 4 | I96: 94 | J96: 7.08352 | K96: 80.64927
A97: cutting | C97: =FALSE() -> FALSE | D97: incident_cutting | E97: 1 | F97: 1 | G97: 62_64 | H97: 4 | I97: 95 | J97: 6.933963 | K97: 80.663532
A98: cutting | C98: =FALSE() -> FALSE | D98: incident_cutting | E98: 1 | F98: 1 | G98: 65_66 | H98: 3 | I98: 96 | J98: 7.0010069 | K98: 80.742196
A99: cutting | C99: =FALSE() -> FALSE | D99: incident_cutting | E99: 1 | F99: 2 | G99: 60_63 | H99: 1 | I99: 97 | J99: 6.915221 | K99: 80.59841
A100: cutting | C100: =FALSE() -> FALSE | D100: incident_cutting | E100: 1 | F100: 2 | G100: 66_64 | H100: 2 | I100: 98 | J100: 6.9484916 | K100: 80.773793
A101: cutting | C101: =FALSE() -> FALSE | D101: incident_cutting | E101: 1 | F101: 2 | G101: 65_64 | H101: 2 | I101: 99 | J101: 6.947145 | K101: 80.754524
A102: cutting | C102: =FALSE() -> FALSE | D102: incident_cutting | E102: 1 | F102: 2 | G102: 66_65 | H102: 1 | I102: 100 | J102: 6.9770149 | K102: 80.778008
A103: cutting | C103: =FALSE() -> FALSE | D103: incident_cutting | E103: 1 | F103: 2 | G103: 66_65 | H103: 1 | I103: 101 | J103: 6.9630838 | K103: 80.762169
A104: cutting | C104: =TRUE() -> TRUE | D104: incident_cutting | E104: 1 | F104: 4 | G104: 58_68 | H104: 0 | I104: 102 | J104: 7.05353 | K104: 80.559285
A105: cutting | C105: =TRUE() -> TRUE | D105: incident_cutting | E105: 1 | F105: 2 | G105: 61_67 | H105: 4 | I105: 103 | J105: 7.031569 | K105: 80.628087
A106: cutting | C106: =TRUE() -> TRUE | D106: incident_cutting | E106: 1 | F106: 2 | G106: 61_68 | H106: 3 | I106: 104 | J106: 7.040869 | K106: 80.632086
A107: cutting | C107: =FALSE() -> FALSE | D107: incident_cutting | E107: 1 | F107: 1 | G107: 67_64 | H107: 0 | I107: 105 | J107: 6.931648 | K107: 80.787655
A108: cutting | C108: =TRUE() -> TRUE | D108: incident_cutting | E108: 1 | F108: 2 | G108: 62_69 | H108: 4 | I108: 106 | J108: 7.0767947 | K108: 80.666664
A109: cutting | C109: =TRUE() -> TRUE | D109: incident_cutting | E109: 1 | F109: 2 | G109: 62_69 | H109: 4 | I109: 107 | J109: 7.072202 | K109: 80.67044
A110: cutting | C110: =TRUE() -> TRUE | D110: incident_cutting | E110: 1 | F110: 3 | G110: 61_67 | H110: 4 | I110: 108 | J110: 7.01597 | K110: 80.626403
...

Sheet Dithawa_Inspections
A1: Risk_Level | B1: HR_Priorit | C1: Const_Type | D1: Disast_Nat | E1: Damage_Lvl | F1: DSD | G1: GND_Name | H1: Total_Risk | I1: insp_date | J1: event_date | K1: lon | L1: lat
A2: HR1 | B2: HR1 | C2: House / නිවාස | D2: Slope failures / බැවුම් අස්ථාවරවීම් | E2: Fully / පුර්ණහානි | F2: වලපනේ ප්රා.ලේ.කො | G2: මහඌව / කන්දේගම | H2: 13 | I2: 46035 | J2: 45988 | K2: 80.863913 | L2: 7.081365
A3: HR1 | B3: HR1 | C3: House / නිවාස | D3: Other / වෙනත් (වෙනත් කරුණු යටතේ සදහන් කරන්න) | E3: Fully / පුර්ණහානි | F3: නොර්වුඩ් ප්රා.ලේ.කො | G3: මහනෙලු | H3: 2 | K3: 80.61276 | L3: 6.809881
A4: HR1 | B4: HR1 | C4: House / නිවාස | D4: Landslide / නායයෑම් | E4: Fully / පුර්ණහානි | F4: හඟුරන්කෙත ප්රා.ලේ.කො | G4: හෝප්වත්ත | H4: 23 | I4: 46001 | J4: 45989 | K4: 80.71235 | L4: 7.127314
A5: HR1 | B5: HR1 | C5: House / නිවාස | D5: Landslide / නායයෑම් | E5: Fully / පුර්ණහානි | F5: කොත්මලේ බටහිර ප්රා.ලේ.කො | G5: රන්වන්තලාව | H5: 28 | I5: 46010 | J5: 45988 | K5: 80.624561 | L5: 7.06431
A6: HR1 | B6: HR1 | C6: House / නිවාස | D6: Slope failures / බැවුම් අස්ථාවරවීම් | E6: Fully / පුර්ණහානි | F6: වලපනේ ප්රා.ලේ.කො | G6: මුලහල්කැලේ | H6: 2 | I6: 46037 | J6: 45988 | K6: 80.856035 | L6: 7.097578
A7: HR1 | B7: HR1 | C7: House / නිවාස | D7: Landslide / නායයෑම් | E7: Fully / පුර්ණහානි | F7: හඟුරන්කෙත ප්රා.ලේ.කො | G7: කොස්ගහදෙබල | H7: 8 | K7: 80.748873 | L7: 7.155314
A8: HR1 | B8: HR1 | C8: House / නිවාස | D8: Landslide / නායයෑම් | E8: Fully / පුර්ණහානි | F8: කොත්මලේ නැගෙනහිර ප්රා.ලේ.කො | G8: රම්බොඩ සහ රම්බොඩගම | H8: 48 | I8: 46006 | J8: 45988 | K8: 80.694468 | L8: 7.066715
A9: HR1 | B9: HR1 | C9: House / නිවාස | D9: Slope failures / බැවුම් අස්ථාවරවීම් | E9: Fully / පුර්ණහානි | F9: හඟුරන්කෙත ප්රා.ලේ.කො | G9: රත්මැටිය | H9: 6 | I9: 46092 | K9: 80.776983 | L9: 7.146769
A10: HR1 | B10: HR1 | C10: House / නිවාස | D10: Landslide / නායයෑම් | E10: Fully / පුර්ණහානි | F10: කොත්මලේ බටහිර ප්රා.ලේ.කො | G10: හුණුගල්ඔය | H10: 2 | I10: 45999 | J10: 45989 | K10: 80.593306 | L10: 7.038561
A11: HR1 | B11: HR1 | C11: House / නිවාස | D11: Landslide / නායයෑම් | E11: Fully / පුර්ණහානි | F11: කොත්මලේ නැගෙනහිර ප්රා.ලේ.කො | G11: හෙල්බොඩ | H11: 37 | I11: 46008 | J11: 45988 | K11: 80.670548 | L11: 7.087255
A12: HR1 | B12: HR1 | C12: House / නිවාස | D12: Rock fall / ගල් පෙරලීම් | E12: Fully / පුර්ණහානි | F12: නිල්දණ්ඩහින්න ප්රා.ලේ.කො | G12: අඹලියද්ද | H12: 3 | K12: 80.902085 | L12: 7.019946
A13: HR1 | B13: HR1 | C13: House / නිවාස | D13: Landslide / නායයෑම් | E13: Fully / පුර්ණහානි | F13: වලපනේ ප්රා.ලේ.කො | G13: ලදුපිට | H13: 37 | K13: 80.8063 | L13: 7.101138
A14: HR1 | B14: HR1 | C14: House / නිවාස | D14: Landslide / නායයෑම් | E14: Fully / පුර්ණහානි | F14: කොත්මලේ නැගෙනහිර ප්රා.ලේ.කො | G14: නියම්ගන්දොර | H14: 18 | I14: 46005 | J14: 45988 | K14: 80.689286 | L14: 7.005897
A15: HR1 | B15: HR1 | C15: House / නිවාස | D15: Slope failures / බැවුම් අස්ථාවරවීම් | E15: Fully / පුර්ණහානි | F15: කොත්මලේ නැගෙනහිර ප්රා.ලේ.කො | G15: පලාගොල්ල | H15: 4 | I15: 46004 | J15: 45988 | K15: 80.707023 | L15: 7.04909
A16: HR1 | B16: HR1 | C16: House / නිවාස | D16: Slope failures / බැවුම් අස්ථාවරවීම් | E16: Fully / පුර්ණහානි | F16: කොත්මලේ නැගෙනහිර ප්රා.ලේ.කො | G16: රම්බොඩ | H16: 8 | I16: 46002 | J16: 45988 | K16: 80.68263 | L16: 7.071
A17: HR1 | B17: HR1 | C17: House / නිවාස | D17: Landslide / නායයෑම් | E17: Fully / පුර්ණහානි | F17: කොත්මලේ නැගෙනහිර ප්රා.ලේ.කො | G17: දෙලුම්තලාමඩ | H17: 20 | I17: 46007 | J17: 45988 | K17: 80.669145 | L17: 7.076513
A18: HR1 | B18: HR1 | C18: House / නිවාස | D18: Landslide / නායයෑම් | E18: Fully / පුර්ණහානි | F18: කොත්මලේ නැගෙනහිර ප්රා.ලේ.කො | G18: මැදකන්ද | H18: 57 | I18: 46017 | J18: 45988 | K18: 80.666355 | L18: 7.034552
A19: HR1 | B19: HR1 | C19: House / නිවාස | D19: Landslide / නායයෑම් | E19: Fully / පුර්ණහානි | F19: කොත්මලේ නැගෙනහිර ප්රා.ලේ.කො | G19: කරගස්තලාව | H19: 21 | I19: 46013 | J19: 45988 | K19: 80.695983 | L19: 7.092329
A20: HR1 | B20: HR1 | C20: House / නිවාස | D20: Slope failures / බැවුම් අස්ථාවරවීම් | E20: Fully / පුර්ණහානි | F20: කොත්මලේ නැගෙනහිර ප්රා.ලේ.කො | G20: කරගස්තලාව | H20: 6 | K20: 80.678825 | L20: 7.074155
A21: HR1 | B21: HR1 | C21: House / නිවාස | D21: Slope failures / බැවුම් අස්ථාවරවීම් | E21: Fully / පුර්ණහානි | F21: කොත්මලේ නැගෙනහිර ප්රා.ලේ.කො | G21: පලාගොල්ල | H21: 25 | I21: 46017 | J21: 45988 | K21: 80.706632 | L21: 7.034955
A22: HR1 | B22: HR1 | C22: House / නිවාස | D22: Slope failures / බැවුම් අස්ථාවරවීම් | E22: Fully / පුර්ණහානි | F22: කොත්මලේ නැගෙනහිර ප්රා.ලේ.කො | G22: සංගිලිපාලම | H22: 4 | I22: 46021 | J22: 45988 | K22: 80.679273 | L22: 7.062111
A23: HR1 | B23: HR1 | C23: House / නිවාස | D23: Landslide / නායයෑම් | E23: Fully / පුර්ණහානි | F23: කොත්මලේ බටහිර ප්රා.ලේ.කො | G23: උතුරු කොටගේපිටිය | H23: 31 | I23: 46041 | J23: 45988 | K23: 80.612438 | L23: 7.075382
A24: HR1 | B24: HR1 | C24: House / නිවාස | D24: Landslide / නායයෑම් | E24: Fully / පුර්ණහානි | F24: වලපනේ ප්රා.ලේ.කො | G24: අලකොළවැව | H24: 18 | I24: 46030 | K24: 80.805968 | L24: 7.075229
A25: HR1 | B25: HR1 | C25: House / නිවාස | D25: Landslide / නායයෑම් | E25: Fully / පුර්ණහානි | F25: කොත්මලේ නැගෙනහිර ප්රා.ලේ.කො | G25: උතුරු පූඩළුඔය | H25: 11 | I25: 46011 | J25: 45988 | K25: 80.682082 | L25: 7.015362
A26: HR1 | B26: HR1 | C26: House / නිවාස | D26: Slope failures / බැවුම් අස්ථාවරවීම් | E26: Fully / පුර්ණහානි | F26: කොත්මලේ බටහිර ප්රා.ලේ.කො | G26: රොජසන්ගම උතුර සහ රොජසන්ගම දකුණ | H26: 8 | J26: 45988 | K26: 80.62928 | L26: 7.04201
A27: HR1 | B27: HR1 | C27: House / නිවාස | D27: Slope failures / බැවුම් අස්ථාවරවීම් | E27: Fully / පුර්ණහානි | F27: අඹගමුව ප්රා.ලේ.කො | G27: කලුගල | H27: 1 | J27: 45987 | K27: 80.439913 | L27: 6.985931
A28: HR1 | B28: HR1 | C28: House / නිවාස | D28: Slope failures / බැවුම් අස්ථාවරවීම් | E28: Fully / පුර්ණහානි | F28: කොත්මලේ බටහිර ප්රා.ලේ.කො | G28: රුවන්පුර | H28: 1 | K28: 80.570912 | L28: 7.052456
A29: HR1 | B29: HR1 | C29: House / නිවාස | D29: Slope failures / බැවුම් අස්ථාවරවීම් | E29: Fully / පුර්ණහානි | F29: කොත්මලේ බටහිර ප්රා.ලේ.කො | G29: රුවන්පුර | H29: 1 | J29: 45988 | K29: 80.561161 | L29: 7.057912
A30: HR1 | B30: HR1 | C30: House / නිවාස | D30: Slope failures / බැවුම් අස්ථාවරවීම් | E30: Fully / පුර්ණහානි | F30: හඟුරන්කෙත ප්රා.ලේ.කො | G30: මාකෙම්පේ | H30: 10 | K30: 80.759173 | L30: 7.141525
A31: HR1 | B31: HR1 | C31: House / නිවාස | D31: Slope failures / බැවුම් අස්ථාවරවීම් | E31: Fully / පුර්ණහානි | F31: අඹගමුව ප්රා.ලේ.කො | G31: පිටවල | H31: 5 | K31: 80.452825 | L31: 7.002022
A32: HR1 | B32: HR1 | C32: House / නිවාස | D32: Slope failures / බැවුම් අස්ථාවරවීම් | E32: Fully / පුර්ණහානි | F32: අඹගමුව ප්රා.ලේ.කො | G32: කෙහෙල්අරාව | H32: 1 | K32: 80.475436 | L32: 6.953582
A33: HR1 | B33: HR1 | C33: House / නිවාස | D33: Slope failures / බැවුම් අස්ථාවරවීම් | E33: Fully / පුර්ණහානි | F33: හඟුරන්කෙත ප්රා.ලේ.කො | G33: ඇදිරිබැද්ද | H33: 1 | K33: 80.830361 | L33: 7.183606
A34: HR1 | B34: HR1 | C34: House / නිවාස | D34: Landslide / නායයෑම් | E34: Fully / පුර්ණහානි | F34: හඟුරන්කෙත ප්රා.ලේ.කො | G34: රුක්වුඩ් | H34: 12 | K34: 80.779809 | L34: 7.110902
A35: HR1 | B35: HR1 | C35: House / නිවාස | D35: Landslide / නායයෑම් | E35: Fully / පුර්ණහානි | F35: මතුරට ප්රා.ලේ.කො | G35: කඩදොර | H35: 2 | I35: 46012 | J35: 45988 | K35: 80.770766 | L35: 7.055598
A36: HR1 | B36: HR1 | C36: House / නිවාස | D36: Other / වෙනත් (වෙනත් කරුණු යටතේ සදහන් කරන්න) | E36: Fully / පුර්ණහානි | F36: කොත්මලේ නැගෙනහිර ප්රා.ලේ.කො | G36: මැදකන්ද | H36: 12 | I36: 46011 | J36: 45989 | K36: 80.66385 | L36: 7.026146
A37: HR1 | B37: HR1 | C37: House / නිවාස | D37: Slope failures / බැවුම් අස්ථාවරවීම් | E37: Fully / පුර්ණහානි | F37: හඟුරන්කෙත ප්රා.ලේ.කො | G37: රිකිල්ලගස්කඩ | H37: 1 | K37: 80.78088 | L37: 7.149365
A38: HR1 | B38: HR1 | C38: House / නිවාස | D38: Slope failures / බැවුම් අස්ථාවරවීම් | E38: Fully / පුර්ණහානි | F38: මතුරට ප්රා.ලේ.කො | G38: මොරගොල්ල | H38: 19 | I38: 46000 | J38: 45989 | K38: 80.816808 | L38: 7.149378
A39: HR1 | B39: HR1 | C39: House / නිවාස | D39: Landslide / නායයෑම් | E39: Fully / පුර්ණහානි | F39: මතුරට ප්රා.ලේ.කො | G39: ගෝනකැලේ | H39: 4 | I39: 46003 | J39: 45988 | K39: 80.81132 | L39: 7.05649
A40: HR1 | B40: HR1 | C40: House / නිවාස | D40: Other / වෙනත් (වෙනත් කරුණු යටතේ සදහන් කරන්න) | E40: Fully / පුර්ණහානි | F40: මතුරට ප්රා.ලේ.කො | G40: මේරිගෝල්ඩ් | H40: 3 | I40: 46003 | J40: 45988 | K40: 80.813047 | L40: 7.066025
A41: HR1 | B41: HR1 | C41: House / නිවාස | D41: Landslide / නායයෑම් | E41: Fully / පුර්ණහානි | F41: මතුරට ප්රා.ලේ.කො | G41: බොමැල්ලගොඩ / අම්පිටිගොඩ / දුනුකේබැද්ද / කැටයාපතන / ගෝනකැලේ | H41: 19 | I41: 46006 | J41: 45988 | K41: 80.805202 | L41: 7.059849
A42: HR1 | B42: HR1 | C42: House / නිවාස | D42: Slope failures / බැවුම් අස්ථාවරවීම් | E42: Fully / පුර්ණහානි | F42: මතුරට ප්රා.ලේ.කො | G42: බොමැල්ලගොඩ / අම්පිටිගොඩ | H42: 14 | I42: 46006 | J42: 45988 | K42: 80.798074 | L42: 7.066622
A43: HR1 | B43: HR1 | C43: Business / ව්‍යාපාරික ස්ථානය | D43: Landslide / නායයෑම් | E43: Fully / පුර්ණහානි | F43: කොත්මලේ නැගෙනහිර ප්රා.ලේ.කො | G43: පනම්ගම්මන | H43: 3 | I43: 46028 | J43: 45988 | K43: 80.675632 | L43: 7.0658
A44: HR1 | B44: HR1 | C44: House / නිවාස | D44: Other / වෙනත් (වෙනත් කරුණු යටතේ සදහන් කරන්න) | E44: Fully / පුර්ණහානි | F44: කොත්මලේ බටහිර ප්රා.ලේ.කො | G44: කොටගේපිටිය දකුණ | H44: 62 | K44: 80.623773 | L44: 7.069284
A45: HR1 | B45: HR1 | C45: House / නිවාස | D45: Landslide / නායයෑම් | E45: Fully / පුර්ණහානි | F45: කොත්මලේ නැගෙනහිර ප්රා.ලේ.කො | G45: ෂීන් ගම | H45: 20 | I45: 46024 | J45: 45988 | K45: 80.666982 | L45: 7.01056
A46: HR1 | B46: HR1 | C46: House / නිවාස | D46: Slope failures / බැවුම් අස්ථාවරවීම් | E46: Fully / පුර්ණහානි | F46: මතුරට ප්රා.ලේ.කො | G46: කැටහිර | H46: 3 | I46: 46027 | J46: 45988 | K46: 80.775375 | L46: 7.063782
A47: HR1 | B47: HR1 | C47: House / නිවාස | D47: Slope failures / බැවුම් අස්ථාවරවීම් | E47: Fully / පුර්ණහානි | F47: මතුරට ප්රා.ලේ.කො | G47: උඩ පදියපැලැල්ල | H47: 3 | I47: 46033 | J47: 45988 | K47: 80.737025 | L47: 7.093232
A48: HR1 | B48: HR1 | C48: House / නිවාස | D48: Landslide / නායයෑම් | E48: Fully / පුර්ණහානි | F48: මතුරට ප්රා.ලේ.කො | G48: මන්දාරම්නුවර | H48: 26 | I48: 46027 | J48: 45988 | K48: 80.783081 | L48: 7.03216
A49: HR1 | B49: HR1 | C49: House / නිවාස | D49: Slope failures / බැවුම් අස්ථාවරවීම් | E49: Fully / පුර්ණහානි | F49: කොත්මලේ නැගෙනහිර ප්රා.ලේ.කො | G49: කටුකිතුල | H49: 1 | I49: 46034 | J49: 45988 | K49: 80.665075 | L49: 7.0806
A50: HR1 | B50: HR1 | C50: House / නිවාස | D50: Landslide / නායයෑම් | E50: Fully / පුර්ණහානි | F50: නිල්දණ්ඩහින්න ප්රා.ලේ.කො | G50: හපුගහපිටිය , ගල්කැටිවල , මීරියබැද්ද | H50: 35 | K50: 80.895049 | L50: 7.119135
A51: HR1 | B51: HR1 | C51: House / නිවාස | D51: Cutting failure / කණ්ඩි අස්ථාවරවීම් | E51: Fully / පුර්ණහානි | F51: කොත්මලේ බටහිර ප්රා.ලේ.කො | G51: කලපිටිය බටහිර | H51: 2 | K51: 80.643112 | L51: 7.042798
A52: HR1 | B52: HR1 | C52: House / නිවාස | D52: Slope failures / බැවුම් අස්ථාවරවීම් | E52: Fully / පුර්ණහානි | F52: කොත්මලේ නැගෙනහිර ප්රා.ලේ.කො | G52: මාවෙල බටහිර | H52: 3 | I52: 46040 | J52: 45988 | K52: 80.638844 | L52: 7.072318
A53: HR1 | B53: HR1 | C53: House / නිවාස | D53: Slope failures / බැවුම් අස්ථාවරවීම් | E53: Fully / පුර්ණහානි | F53: කොත්මලේ නැගෙනහිර ප්රා.ලේ.කො | G53: මාවෙල බටහිර | H53: 1 | I53: 46041 | J53: 45988 | K53: 80.638359 | L53: 7.071599
A54: HR1 | B54: HR1 | C54: House / නිවාස | D54: Landslide / නායයෑම් | E54: Fully / පුර්ණහානි | F54: නිල්දණ්ඩහින්න ප්රා.ලේ.කො | G54: උඩමාදුර | H54: 13 | K54: 80.920646 | L54: 7.09374
A55: HR1 | B55: HR1 | C55: House / නිවාස | D55: Slope failures / බැවුම් අස්ථාවරවීම් | E55: Fully / පුර්ණහානි | F55: කොත්මලේ නැගෙනහිර ප්රා.ලේ.කො | G55: කටුකිතුල | H55: 7 | J55: 45988 | K55: 80.667711 | L55: 7.081775
A56: HR1 | B56: HR1 | C56: House / නිවාස | D56: Slope failures / බැවුම් අස්ථාවරවීම් | E56: Fully / පුර්ණහානි | F56: කොත්මලේ නැගෙනහිර ප්රා.ලේ.කො | G56: කරගස්තලාව | H56: 4 | I56: 46046 | J56: 45988 | K56: 80.67882 | L56: 7.07415
A57: HR1 | B57: HR1 | C57: House / නිවාස | D57: Other / වෙනත් (වෙනත් කරුණු යටතේ සදහන් කරන්න) | E57: Fully / පුර්ණහානි | F57: නිල්දණ්ඩහින්න ප්රා.ලේ.කො | G57: උඩමාදුර | H57: 7 | K57: 80.918302 | L57: 7.097263
A58: HR1 | B58: HR1 | C58: House / නිවාස | D58: Slope failures / බැවුම් අස්ථාවරවීම් | E58: Fully / පුර්ණහානි | F58: නුවරඑළිය ප්රා.ලේ.කො | G58: හාවාඑළිය උතුර | H58: 92 | J58: 45988 | K58: 80.780268 | L58: 6.977459
A59: HR1 | B59: HR1 | C59: House / නිවාස | D59: Cutting failure / කණ්ඩි අස්ථාවරවීම් | E59: Fully / පුර්ණහානි | F59: නිල්දණ්ඩහින්න ප්රා.ලේ.කො | G59: රූපහ නැගෙනහිර | H59: 6 | K59: 80.91492 | L59: 7.040158
A60: HR1 | B60: HR1 | C60: House / නිවාස | D60: Slope failures / බැවුම් අස්ථාවරවීම් | E60: Fully / පුර්ණහානි | F60: වලපනේ ප්රා.ලේ.කො | G60: බෲක්සයිඩ් | H60: 10 | J60: 45988 | K60: 80.827604 | L60: 7.017644
A61: HR1 | B61: HR1 | C61: House / නිවාස | D61: Landslide / නායයෑම් | E61: Fully / පුර්ණහානි | F61: නිල්දණ්ඩහින්න ප්රා.ලේ.කො | G61: උඩමාදුර | H61: 5 | K61: 80.923959 | L61: 7.09812
A62: HR1 | B62: HR1 | C62: House / නිවාස | D62: Slope failures / බැවුම් අස්ථාවරවීම් | E62: Fully / පුර්ණහානි | F62: මතුරට ප්රා.ලේ.කො | G62: මැදවෙල | H62: 4 | K62: 80.78341 | L62: 7.046588
A63: HR1 | B63: HR1 | C63: House / නිවාස | D63: Slope failures / බැවුම් අස්ථාවරවීම් | E63: Fully / පුර්ණහානි | F63: මතුරට ප්රා.ලේ.කො | G63: මානකොළ | H63: 15 | K63: 80.781624 | L63: 7.07151
A64: HR1 | B64: HR1 | C64: House / නිවාස | D64: Slope failures / බැවුම් අස්ථාවරවීම් | E64: Fully / පුර්ණහානි | F64: කොත්මලේ නැගෙනහිර ප්රා.ලේ.කො | G64: කිරිදිවෙල | H64: 19 | I64: 46048 | J64: 45988 | K64: 80.656565 | L64: 7.027079
A65: HR1 | B65: HR1 | C65: House / නිවාස | D65: Cutting failure / කණ්ඩි අස්ථාවරවීම් | E65: Fully / පුර්ණහානි | F65: මතුරට ප්රා.ලේ.කො | G65: මකුරුප්ප | H65: 4 | K65: 80.797226 | L65: 7.138658
A66: HR1 | B66: HR1 | C66: House / නිවාස | D66: Slope failures / බැවුම් අස්ථාවරවීම් | E66: Fully / පුර්ණහානි | F66: කොත්මලේ නැගෙනහිර ප්රා.ලේ.කො | G66: රජ ඇළ | H66: 3 | K66: 80.649667 | L66: 7.08174
A67: HR1 | B67: HR1 | C67: House / නිවාස | D67: Other / වෙනත් (වෙනත් කරුණු යටතේ සදහන් කරන්න) | E67: Fully / පුර්ණහානි | F67: මතුරට ප්රා.ලේ.කො | G67: උඩවෙල | H67: 5 | J67: 45988 | K67: 80.77431 | L67: 7.04371
A68: HR1 | B68: HR1 | C68: House / නිවාස | D68: Slope failures / බැවුම් අස්ථාවරවීම් | E68: Fully / පුර්ණහානි | F68: කොත්මලේ නැගෙනහිර ප්රා.ලේ.කො | G68: රජඇළ | H68: 1 | K68: 80.651577 | L68: 7.086789
A69: HR1 | B69: HR1 | C69: House / නිවාස | D69: Slope failures / බැවුම් අස්ථාවරවීම් | E69: Fully / පුර්ණහානි | F69: කොත්මලේ නැගෙනහිර ප්රා.ලේ.කො | G69: රම්බොඩ | H69: 1 | K69: 80.684153 | L69: 7.069565
A70: HR1 | B70: HR1 | C70: House / නිවාස | D70: Cutting failure / කණ්ඩි අස්ථාවරවීම් | E70: Fully / පුර්ණහානි | F70: කොත්මලේ නැගෙනහිර ප්රා.ලේ.කො | G70: රම්බොඩ | H70: 1 | K70: 80.689265 | L70: 7.068245
A71: HR1 | B71: HR1 | C71: House / නිවාස | D71: Slope failures / බැවුම් අස්ථාවරවීම් | E71: Fully / පුර්ණහානි | F71: කොත්මලේ නැගෙනහිර ප්රා.ලේ.කො | G71: සමන්එළිය | H71: 1 | K71: 80.730874 | L71: 7.018778
A72: HR1 | B72: HR1 | C72: House / නිවාස | D72: Landslide / නායයෑම් | E72: Fully / පුර්ණහානි | F72: නිල්දණ්ඩහින්න ප්රා.ලේ.කො | G72: සූර්යපතන, පහළ කොටස | H72: 54 | K72: 80.892142 | L72: 7.002866
A73: HR1 | B73: HR1 | C73: House / නිවාස | D73: Other / වෙනත් (වෙනත් කරුණු යටතේ සදහන් කරන්න) | E73: Fully / පුර්ණහානි | F73: වලපනේ ප්රා.ලේ.කො | G73: මඩුමාන | H73: 1 | I73: 46043 | J73: 45988 | K73: 80.832481 | L73: 7.111168
A74: HR1 | B74: HR1 | C74: House / නිවාස | D74: Other / වෙනත් (වෙනත් කරුණු යටතේ සදහන් කරන්න) | E74: Fully / පුර්ණහානි | F74: කොත්මලේ නැගෙනහිර ප්රා.ලේ.කො | G74: ශීන් ගම | H74: 7 | K74: 80.6694 | L74: 7.01087
A75: HR1 | B75: HR1 | C75: House / නිවාස | D75: Landslide / නායයෑම් | E75: Fully / පුර්ණහානි | F75: නිල්දණ්ඩහින්න ප්රා.ලේ.කො | G75: මඩුල්ල උතුර | H75: 16 | K75: 80.918315 | L75: 7.055285
A76: HR1 | B76: HR1 | C76: House / නිවාස | D76: Other / වෙනත් (වෙනත් කරුණු යටතේ සදහන් කරන්න) | E76: Fully / පුර්ණහානි | F76: කොත්මලේ නැගෙනහිර ප්රා.ලේ.කො | G76: කුඹල්ඔළුව | H76: 18 | K76: 80.655915 | L76: 7.032945
A77: HR1 | B77: HR1 | C77: House / නිවාස | D77: Other / වෙනත් (වෙනත් කරුණු යටතේ සදහන් කරන්න) | E77: Fully / පුර්ණහානි | F77: වලපනේ ප්රා.ලේ.කො | G77: බෲක්සයිඩ් | H77: 3 | K77: 80.829182 | L77: 7.014828
A78: HR1 | B78: HR1 | C78: House / නිවාස | D78: Other / වෙනත් (වෙනත් කරුණු යටතේ සදහන් කරන්න) | E78: Fully / පුර්ණහානි | F78: වලපනේ ප්රා.ලේ.කො | G78: බෲක්සයිඩ් | H78: 4 | K78: 80.833672 | L78: 7.007774
A79: HR1 | B79: HR1 | C79: House / නිවාස | D79: Slope failures / බැවුම් අස්ථාවරවීම් | E79: Fully / පුර්ණහානි | F79: කොත්මලේ නැගෙනහිර ප්රා.ලේ.කො | G79: නවකඩදොර | H79: 6 | I79: 46085 | J79: 45988 | K79: 80.642162 | L79: 7.102111
A80: HR1 | B80: HR1 | C80: House / නිවාස | D80: Other / වෙනත් (වෙනත් කරුණු යටතේ සදහන් කරන්න) | E80: Fully / පුර්ණහානි | F80: වලපනේ ප්රා.ලේ.කො | G80: වලපනේ | H80: 1 | K80: 80.865156 | L80: 7.095149
A81: HR1 | B81: HR1 | C81: House / නිවාස | D81: Other / වෙනත් (වෙනත් කරුණු යටතේ සදහන් කරන්න) | E81: Fully / පුර්ණහානි | F81: තලවකැලේ ප්රා.ලේ.කො | G81: හෝලිරූඩ් | H81: 9 | K81: 80.66674 | L81: 6.936142
A82: HR1 | B82: HR1 | C82: House / නිවාස | D82: Slope failures / බැවුම් අස්ථාවරවීම් | E82: Fully / පුර්ණහානි | F82: වලපනේ ප්රා.ලේ.කො | G82: කුරුඳු ඔය | H82: 2 | K82: 80.829835 | L82: 7.088832
A83: HR1 | B83: HR1 | C83: House / නිවාස | D83: Landslide / නායයෑම් | E83: Fully / පුර්ණහානි | F83: නිල්දණ්ඩහින්න ප්රා.ලේ.කො | G83: අඹලියද්ද | H83: 14 | K83: 80.903925 | L83: 7.011572
A84: HR1 | B84: HR1 | C84: House / නිවාස | D84: Other / වෙනත් (වෙනත් කරුණු යටතේ සදහන් කරන්න) | E84: Fully / පුර්ණහානි | F84: මතුරට ප්රා.ලේ.කො | G84: ලබුහේන්වල | H84: 3 | K84: 80.779665 | L84: 7.056912
A85: HR1 | B85: HR1 | C85: House / නිවාස | D85: Slope failures / බැවුම් අස්ථාවරවීම් | E85: Fully / පුර්ණහානි | F85: නිල්දණ්ඩහින්න ප්රා.ලේ.කො | G85: කරදගොල්ල | H85: 34 | K85: 80.90289 | L85: 7.058373
A86: HR1 | B86: HR1 | C86: House / නිවාස | D86: Slope failures / බැවුම් අස්ථාවරවීම් | E86: Fully / පුර්ණහානි | F86: වලපනේ ප්රා.ලේ.කො | G86: කන්දේගම | H86: 37 | K86: 80.863534 | L86: 7.087636
A87: HR1 | B87: HR1 | C87: House / නිවාස | D87: Landslide / නායයෑම් | E87: Fully / පුර්ණහානි | F87: වලපනේ ප්රා.ලේ.කො | G87: කන්දේගම | H87: 24 | K87: 80.86041 | L87: 7.08932
A88: HR1 | B88: HR1 | C88: House / නිවාස | D88: Landslide / නායයෑම් | E88: Fully / පුර්ණහානි | F88: නුවරඑළිය ප්රා.ලේ.කො | G88: පීඩෲ | H88: 14 | I88: 46018 | J88: 46018 | K88: 80.788671 | L88: 6.973258
A89: HR1 | B89: HR1 | C89: House / නිවාස | D89: Landslide / නායයෑම් | E89: Fully / පුර්ණහානි | F89: නුවරඑළිය ප්රා.ලේ.කො | G89: පීඩෘෘ | H89: 36 | I89: 45990 | J89: 45988 | K89: 80.797763 | L89: 6.976183
A90: HR1 | B90: HR1 | C90: House / නිවාස | D90: Other / වෙනත් (වෙනත් කරුණු යටතේ සදහන් කරන්න) | E90: Fully / පුර්ණහානි | F90: වලපනේ ප්රා.ලේ.කො | G90: හයිෆොරස්ට් | H90: 9 | K90: 80.82831 | L90: 7.056214
A91: HR1 | B91: HR1 | C91: House / නිවාස | D91: Landslide / නායයෑම් | E91: Fully / පුර්ණහානි | F91: වලපනේ ප්රා.ලේ.කො | G91: වැටකේගම | H91: 10 | I91: 46002 | J91: 45988 | K91: 80.804693 | L91: 7.100326
A92: HR1 | B92: HR1 | C92: House / නිවාස | D92: Slope failures / බැවුම් අස්ථාවරවීම් | E92: Fully / පුර්ණහානි | F92: වලපනේ ප්රා.ලේ.කො | G92: බෲක්සයිඩ් | H92: 6 | I92: 46012 | J92: 45988 | K92: 80.838948 | L92: 7.02343
A93: HR1 | B93: HR1 | C93: House / නිවාස | D93: Landslide / නායයෑම් | E93: Fully / පුර්ණහානි | F93: වලපනේ ප්රා.ලේ.කො | G93: මහපතන | H93: 22 | I93: 46005 | J93: 45988 | K93: 80.874677 | L93: 7.059967
A94: HR1 | B94: HR1 | C94: House / නිවාස | D94: Slope failures / බැවුම් අස්ථාවරවීම් | E94: Fully / පුර්ණහානි | F94: නුවරඑළිය ප්රා.ලේ.කො | H94: 3 | I94: 46020 | J94: 45988 | K94: 80.784391 | L94: 6.976042
A95: HR1 | B95: HR1 | C95: House / නිවාස | D95: Landslide / නායයෑම් | E95: Fully / පුර්ණහානි | F95: නුවරඑළිය ප්රා.ලේ.කො | G95: පාර්ක් | H95: 4 | I95: 46004 | J95: 45988 | K95: 80.795085 | L95: 6.996583
A96: HR1 | B96: HR1 | C96: House / නිවාස | D96: Cutting failure / කණ්ඩි අස්ථාවරවීම් | E96: Fully / පුර්ණහානි | F96: වලපනේ ප්රා.ලේ.කො | G96: හරස්බැද්ද | H96: 4 | I96: 46006 | J96: 45988 | K96: 80.873028 | L96: 7.049694
A97: HR1 | B97: HR1 | C97: House / නිවාස | D97: Landslide / නායයෑම් | E97: Fully / පුර්ණහානි | F97: නුවරඑළිය ප්රා.ලේ.කො | G97: පාර්ක් | H97: 6 | I97: 46004 | J97: 45988 | K97: 80.811862 | L97: 7.004244
A98: HR1 | B98: HR1 | C98: House / නිවාස | D98: Landslide / නායයෑම් | E98: Fully / පුර්ණහානි | F98: වලපනේ ප්රා.ලේ.කො | G98: මහපතන | H98: 6 | I98: 46005 | J98: 45988 | K98: 80.872723 | L98: 7.060018
A99: HR1 | B99: HR1 | C99: House / නිවාස | D99: Landslide / නායයෑම් | E99: Fully / පුර්ණහානි | F99: වලපනේ ප්රා.ලේ.කො | G99: උකුතුලේ නැගෙනහිර | H99: 10 | I99: 46010 | J99: 45988 | K99: 80.819993 | L99: 7.075025
A100: HR1 | B100: HR1 | C100: House / නිවාස | D100: Landslide / නායයෑම් | E100: Fully / පුර්ණහානි | F100: නුවරඑළිය ප්රා.ලේ.කො | G100: මධ්‍යම කදපොල,ජයලංකා | H100: 3 | I100: 46004 | J100: 45988 | K100: 80.792801 | L100: 6.998178
...

Sheet Footprints
A1: Name | B1: Layer_Name | C1: Source_KMZ | D1: lon | E1: lat | F1: area_ha
A2: 13 | B2: LS_Dithawa | C2: LS_Dithawa.kmz | D2: 80.727271 | E2: 6.942392 | F2: 0.632
A3: 14 | B3: LS_Dithawa | C3: LS_Dithawa.kmz | D3: 80.740257 | E3: 6.9495 | F3: 0.673
A4: 15 | B4: LS_Dithawa | C4: LS_Dithawa.kmz | D4: 80.751274 | E4: 7.020868 | F4: 0.688
A5: 16 | B5: LS_Dithawa | C5: LS_Dithawa.kmz | D5: 80.750438 | E5: 7.029306 | F5: 0.994
A6: 17 | B6: LS_Dithawa | C6: LS_Dithawa.kmz | D6: 80.767096 | E6: 7.039708 | F6: 1.1
A7: 18 | B7: LS_Dithawa | C7: LS_Dithawa.kmz | D7: 80.743138 | E7: 7.034211 | F7: 0.79
A8: 19 | B8: LS_Dithawa | C8: LS_Dithawa.kmz | D8: 80.680373 | E8: 6.971618 | F8: 1.25
A9: 20 | B9: LS_Dithawa | C9: LS_Dithawa.kmz | D9: 80.684866 | E9: 6.966988 | F9: 0.504
A10: 21 | B10: LS_Dithawa | C10: LS_Dithawa.kmz | D10: 80.68115 | E10: 6.966517 | F10: 0.515
A11: 22 | B11: LS_Dithawa | C11: LS_Dithawa.kmz | D11: 80.691033 | E11: 6.966824 | F11: 0.659
A12: 23 | B12: LS_Dithawa | C12: LS_Dithawa.kmz | D12: 80.684055 | E12: 7.010625 | F12: 0.503
A13: 24 | B13: LS_Dithawa | C13: LS_Dithawa.kmz | D13: 80.68698 | E13: 7.012782 | F13: 0.548
... A268: NE26 | B268: NUWARA_ELIYA | C268: Nuwaraeliya_District/NUWARA_ELIYA_1.kmz | D268: 80.817078 | E268: 6.929901 | F268: 0.331

Sheet Rain_Stations
A1: type | B1: name | C1: station_id | D1: district | E1: lon | F1: lat | G1: elevation_m
A2: Rain gauge (daily/monthly) | B2: BANDARAWELA-IRRIGATION | C2: 01BD0036 | D2: BADULLA | E2: 80.98 | F2: 6.83
A3: Rain gauge (daily/monthly) | B3: DYRABBA ESTATE | C3: 01BD0102 | D3: BADULLA | E3: 80.93 | F3: 6.88
A4: Rain gauge (daily/monthly) | B4: KANDAKETIYA | C4: 01BD0207 | D4: BADULLA | E4: 81.02 | F4: 7.17
A5: Rain gauge (daily/monthly) | B5: KIRKLEES ESTATE | C5: 01BD0247 | D5: BADULLA | E5: 80.93 | F5: 6.98
A6: Rain gauge (daily/monthly) | B6: LEDGERWATTE ESTATE | C6: 01BD0271 | D6: BADULLA | E6: 81.02 | F6: 7.03
A7: Rain gauge (daily/monthly) | B7: LOWER SPRING VALLEY | C7: 01BD0277 | D7: BADULLA | E7: 81.1 | F7: 6.92
A8: Rain gauge (daily/monthly) | B8: BOGAHAMADITTA | C8: 01BD048B | D8: BADULLA | E8: 80.9 | F8: 6.97
A9: Rain gauge (daily/monthly) | B9: WEWESSA ESTATE | C9: 01BD0545 | D9: BADULLA | E9: 81.1 | F9: 6.9667
A10: Rain gauge (daily/monthly) | B10: DIYATALAWA-SURVEY CAMP | C10: 01BD093A | D10: BADULLA | E10: 80.959061 | F10: 6.816146
A11: Rain gauge (daily/monthly) | B11: HILPANKANDURA ESTATE | C11: 01BD159B | D11: BADULLA | E11: 80.9 | F11: 6.88
A12: Rain gauge (daily/monthly) | B12: MAPAKADAWEWA | C12: 01BD310A | D12: BADULLA | E12: 81.03 | F12: 7.27
A13: Rain gauge (daily/monthly) | B13: RANTEMBE | C13: 01BD317Q | D13: BADULLA | E13: 80.93 | F13: 7.2
... A93: Rain gauge (daily/monthly) | B93: WATAWALA MOUNT JEAN | C93: 01NE534B | D93: NUWARA ELIA | E93: 80.52 | F93: 6.95
A94: Agromet | B94: KOTHMALE | C94: 01AG12 | D94: KANDY | E94: 80.58 | F94: 7.08 | G94: 716
A95: Agromet | B95: KUNDASALE | C95: 01AG14 | D95: KANDY | E95: 80.68 | F95: 7.27 | G95: 492
A96: Agromet | B96: GANNORUWA | C96: 01AG21 | D96: KANDY | E96: 80.6 | F96: 7.25 | G96: 488
A97: Agromet | B97: POLGOLLA | C97: 01AG22 | D97: KANDY | E97: 80.65 | F97: 7.32 | G97: 440
A98: Agromet | B98: RANDENIGALA | C98: 01AG23 | D98: KANDY | E98: 80.95 | F98: 7.2 | G98: 220
A99: Agromet | B99: SEETHAELIYA | C99: 01AG27 | D99: NUWARAELIYA | E99: 80.79897 | F99: 6.9517264 | G99: 1860
A100: Agromet | B100: THALAWAKELLE | C100: 01AG28 | D100: NUWARAELIYA | E100: 80.66 | F100: 6.93 | G100: 1500
A101: Agromet | B101: VICTORIA | C101: 01AG31 | D101: KANDY | E101: 80.83103 | F101: 7.1795627 | G101: 488
A102: Agromet | B102: BANDARAWELA | C102: 143476 | D102: BADULLA | E102: 80.986276 | F102: 6.8308765 | G102: 1225
A103: Synoptic met | B103: BANDARAWELA | C103: 43476 | E103: 80.98626 | F103: 6.8309042 | G103: 1225
A104: Synoptic met | B104: KATUGASTOTA | C104: 43444 | E104: 80.626417 | F104: 7.334448 | G104: 417
A105: Synoptic met | B105: NUWARA ELIYA | C105: 43473 | E105: 80.779152 | F105: 6.9695314 | G105: 1894
A106: Synoptic met | B106: BADULLA | C106: 43479 | E106: 81.048616 | F106: 6.9833652 | G106: 670
